Copyright 1986-2022 Xilinx, Inc. All Rights Reserved. Copyright 2022-2024 Advanced Micro Devices, Inc. All Rights Reserved.
------------------------------------------------------------------------------------------------------------------------------------------------------------------------------------------------------------------------------------------------------
| Tool Version : Vivado v.2024.2 (win64) Build 5239630 Fri Nov 08 22:35:27 MST 2024
| Date         : Sat Jun  6 22:39:06 2026
| Host         : Darkar13012 running 64-bit major release  (build 9200)
| Command      : report_timing_summary -max_paths 10 -report_unconstrained -file top_microprocesador_timing_summary_routed.rpt -pb top_microprocesador_timing_summary_routed.pb -rpx top_microprocesador_timing_summary_routed.rpx -warn_on_violation
| Design       : top_microprocesador
| Device       : 7a100t-csg324
| Speed File   : -1  PRODUCTION 1.23 2018-06-13
| Design State : Routed
------------------------------------------------------------------------------------------------------------------------------------------------------------------------------------------------------------------------------------------------------

Timing Summary Report

------------------------------------------------------------------------------------------------
| Timer Settings
| --------------
------------------------------------------------------------------------------------------------

  Enable Multi Corner Analysis               :  Yes
  Enable Pessimism Removal                   :  Yes
  Pessimism Removal Resolution               :  Nearest Common Node
  Enable Input Delay Default Clock           :  No
  Enable Preset / Clear Arcs                 :  No
  Disable Flight Delays                      :  No
  Ignore I/O Paths                           :  No
  Timing Early Launch at Borrowing Latches   :  No
  Borrow Time for Max Delay Exceptions       :  Yes
  Merge Timing Exceptions                    :  Yes
  Inter-SLR Compensation                     :  Conservative

  Corner  Analyze    Analyze    
  Name    Max Paths  Min Paths  
  ------  ---------  ---------  
  Slow    Yes        Yes        
  Fast    Yes        Yes        


------------------------------------------------------------------------------------------------
| Report Methodology
| ------------------
------------------------------------------------------------------------------------------------

Rule       Severity  Description                                             Violations  
---------  --------  ------------------------------------------------------  ----------  
SYNTH-6    Warning   Timing of a RAM block might be sub-optimal              2           
TIMING-18  Warning   Missing input or output delay                           22          
XDCC-7     Warning   Scoped Clock constraint overwritten on the same source  1           

Note: This report is based on the most recent report_methodology run and may not be up-to-date. Run report_methodology on the current design for the latest report.



check_timing report

Table of Contents
-----------------
1. checking no_clock (0)
2. checking constant_clock (0)
3. checking pulse_width_clock (0)
4. checking unconstrained_internal_endpoints (0)
5. checking no_input_delay (2)
6. checking no_output_delay (20)
7. checking multiple_clock (0)
8. checking generated_clocks (0)
9. checking loops (0)
10. checking partial_input_delay (0)
11. checking partial_output_delay (0)
12. checking latch_loops (0)

1. checking no_clock (0)
------------------------
 There are 0 register/latch pins with no clock.


2. checking constant_clock (0)
------------------------------
 There are 0 register/latch pins with constant_clock.


3. checking pulse_width_clock (0)
---------------------------------
 There are 0 register/latch pins which need pulse_width check


4. checking unconstrained_internal_endpoints (0)
------------------------------------------------
 There are 0 pins that are not constrained for maximum delay.

 There are 0 pins that are not constrained for maximum delay due to constant clock.


5. checking no_input_delay (2)
------------------------------
 There are 2 input ports with no input delay specified. (HIGH)

 There are 0 input ports with no input delay but user has a false path constraint.


6. checking no_output_delay (20)
--------------------------------
 There are 20 ports with no output delay specified. (HIGH)

 There are 0 ports with no output delay but user has a false path constraint

 There are 0 ports with no output delay but with a timing clock defined on it or propagating through it


7. checking multiple_clock (0)
------------------------------
 There are 0 register/latch pins with multiple clocks.


8. checking generated_clocks (0)
--------------------------------
 There are 0 generated clocks that are not connected to a clock source.


9. checking loops (0)
---------------------
 There are 0 combinational loops in the design.


10. checking partial_input_delay (0)
------------------------------------
 There are 0 input ports with partial input delay specified.


11. checking partial_output_delay (0)
-------------------------------------
 There are 0 ports with partial output delay specified.


12. checking latch_loops (0)
----------------------------
 There are 0 combinational latch loops in the design through latch input



------------------------------------------------------------------------------------------------
| Design Timing Summary
| ---------------------
------------------------------------------------------------------------------------------------

    WNS(ns)      TNS(ns)  TNS Failing Endpoints  TNS Total Endpoints      WHS(ns)      THS(ns)  THS Failing Endpoints  THS Total Endpoints     WPWS(ns)     TPWS(ns)  TPWS Failing Endpoints  TPWS Total Endpoints  
    -------      -------  ---------------------  -------------------      -------      -------  ---------------------  -------------------     --------     --------  ----------------------  --------------------  
      0.987        0.000                      0                 2703        0.022        0.000                      0                 2703        3.000        0.000                       0                  1192  


All user specified timing constraints are met.


------------------------------------------------------------------------------------------------
| Clock Summary
| -------------
------------------------------------------------------------------------------------------------

Clock                   Waveform(ns)       Period(ns)      Frequency(MHz)
-----                   ------------       ----------      --------------
clk                     {0.000 5.000}      10.000          100.000         
  clk_out1_clk_wiz_0_1  {0.000 5.000}      10.000          100.000         
  clkfbout_clk_wiz_0_1  {0.000 5.000}      10.000          100.000         


------------------------------------------------------------------------------------------------
| Intra Clock Table
| -----------------
------------------------------------------------------------------------------------------------

Clock                       WNS(ns)      TNS(ns)  TNS Failing Endpoints  TNS Total Endpoints      WHS(ns)      THS(ns)  THS Failing Endpoints  THS Total Endpoints     WPWS(ns)     TPWS(ns)  TPWS Failing Endpoints  TPWS Total Endpoints  
-----                       -------      -------  ---------------------  -------------------      -------      -------  ---------------------  -------------------     --------     --------  ----------------------  --------------------  
clk                                                                                                                                                                       3.000        0.000                       0                     1  
  clk_out1_clk_wiz_0_1        0.987        0.000                      0                 2703        0.022        0.000                      0                 2703        3.750        0.000                       0                  1188  
  clkfbout_clk_wiz_0_1                                                                                                                                                    7.845        0.000                       0                     3  


------------------------------------------------------------------------------------------------
| Inter Clock Table
| -----------------
------------------------------------------------------------------------------------------------

From Clock    To Clock          WNS(ns)      TNS(ns)  TNS Failing Endpoints  TNS Total Endpoints      WHS(ns)      THS(ns)  THS Failing Endpoints  THS Total Endpoints  
----------    --------          -------      -------  ---------------------  -------------------      -------      -------  ---------------------  -------------------  


------------------------------------------------------------------------------------------------
| Other Path Groups Table
| -----------------------
------------------------------------------------------------------------------------------------

Path Group    From Clock    To Clock          WNS(ns)      TNS(ns)  TNS Failing Endpoints  TNS Total Endpoints      WHS(ns)      THS(ns)  THS Failing Endpoints  THS Total Endpoints  
----------    ----------    --------          -------      -------  ---------------------  -------------------      -------      -------  ---------------------  -------------------  


------------------------------------------------------------------------------------------------
| User Ignored Path Table
| -----------------------
------------------------------------------------------------------------------------------------

Path Group    From Clock    To Clock    
----------    ----------    --------    


------------------------------------------------------------------------------------------------
| Unconstrained Path Table
| ------------------------
------------------------------------------------------------------------------------------------

Path Group            From Clock            To Clock            
----------            ----------            --------            
(none)                clk_out1_clk_wiz_0_1                        
(none)                clkfbout_clk_wiz_0_1                        
(none)                                      clk_out1_clk_wiz_0_1  


------------------------------------------------------------------------------------------------
| Timing Details
| --------------
------------------------------------------------------------------------------------------------


---------------------------------------------------------------------------------------------------
From Clock:  clk
  To Clock:  clk

Setup :           NA  Failing Endpoints,  Worst Slack           NA  ,  Total Violation           NA
Hold  :           NA  Failing Endpoints,  Worst Slack           NA  ,  Total Violation           NA
PW    :            0  Failing Endpoints,  Worst Slack        3.000ns,  Total Violation        0.000ns
---------------------------------------------------------------------------------------------------


Pulse Width Checks
--------------------------------------------------------------------------------------
Clock Name:         clk
Waveform(ns):       { 0.000 5.000 }
Period(ns):         10.000
Sources:            { CLK100MHZ }

Check Type        Corner  Lib Pin            Reference Pin  Required(ns)  Actual(ns)  Slack(ns)  Location         Pin
Min Period        n/a     MMCME2_ADV/CLKIN1  n/a            1.249         10.000      8.751      MMCME2_ADV_X1Y2  clk_inst/inst/mmcm_adv_inst/CLKIN1
Max Period        n/a     MMCME2_ADV/CLKIN1  n/a            100.000       10.000      90.000     MMCME2_ADV_X1Y2  clk_inst/inst/mmcm_adv_inst/CLKIN1
Low Pulse Width   Slow    MMCME2_ADV/CLKIN1  n/a            2.000         5.000       3.000      MMCME2_ADV_X1Y2  clk_inst/inst/mmcm_adv_inst/CLKIN1
Low Pulse Width   Fast    MMCME2_ADV/CLKIN1  n/a            2.000         5.000       3.000      MMCME2_ADV_X1Y2  clk_inst/inst/mmcm_adv_inst/CLKIN1
High Pulse Width  Slow    MMCME2_ADV/CLKIN1  n/a            2.000         5.000       3.000      MMCME2_ADV_X1Y2  clk_inst/inst/mmcm_adv_inst/CLKIN1
High Pulse Width  Fast    MMCME2_ADV/CLKIN1  n/a            2.000         5.000       3.000      MMCME2_ADV_X1Y2  clk_inst/inst/mmcm_adv_inst/CLKIN1



---------------------------------------------------------------------------------------------------
From Clock:  clk_out1_clk_wiz_0_1
  To Clock:  clk_out1_clk_wiz_0_1

Setup :            0  Failing Endpoints,  Worst Slack        0.987ns,  Total Violation        0.000ns
Hold  :            0  Failing Endpoints,  Worst Slack        0.022ns,  Total Violation        0.000ns
PW    :            0  Failing Endpoints,  Worst Slack        3.750ns,  Total Violation        0.000ns
---------------------------------------------------------------------------------------------------


Max Delay Paths
--------------------------------------------------------------------------------------
Slack (MET) :             0.987ns  (required time - arrival time)
  Source:                 cpu/mem_addr_reg[3]/C
                            (rising edge-triggered cell FDRE clocked by clk_out1_clk_wiz_0_1  {rise@0.000ns fall@5.000ns period=10.000ns})
  Destination:            axi_bridge_inst/uart_awaddr_reg[14]/CE
                            (rising edge-triggered cell FDCE clocked by clk_out1_clk_wiz_0_1  {rise@0.000ns fall@5.000ns period=10.000ns})
  Path Group:             clk_out1_clk_wiz_0_1
  Path Type:              Setup (Max at Slow Process Corner)
  Requirement:            10.000ns  (clk_out1_clk_wiz_0_1 rise@10.000ns - clk_out1_clk_wiz_0_1 rise@0.000ns)
  Data Path Delay:        8.605ns  (logic 1.558ns (18.106%)  route 7.047ns (81.894%))
  Logic Levels:           5  (LUT2=2 LUT4=1 LUT6=2)
  Clock Path Skew:        -0.130ns (DCD - SCD + CPR)
    Destination Clock Delay (DCD):    -1.431ns = ( 8.569 - 10.000 ) 
    Source Clock Delay      (SCD):    -0.821ns
    Clock Pessimism Removal (CPR):    0.480ns
  Clock Uncertainty:      0.074ns  ((TSJ^2 + DJ^2)^1/2) / 2 + PE
    Total System Jitter     (TSJ):    0.071ns
    Discrete Jitter          (DJ):    0.129ns
    Phase Error              (PE):    0.000ns

    Location             Delay type                Incr(ns)  Path(ns)    Netlist Resource(s)
  -------------------------------------------------------------------    -------------------
                         (clock clk_out1_clk_wiz_0_1 rise edge)
                                                      0.000     0.000 r  
    E3                                                0.000     0.000 r  CLK100MHZ (IN)
                         net (fo=0)                   0.000     0.000    clk_inst/inst/clk_in1
    E3                   IBUF (Prop_ibuf_I_O)         1.482     1.482 r  clk_inst/inst/clkin1_ibufg/O
                         net (fo=1, routed)           1.233     2.715    clk_inst/inst/clk_in1_clk_wiz_0
    MMCME2_ADV_X1Y2      MMCME2_ADV (Prop_mmcme2_adv_CLKIN1_CLKOUT0)
                                                     -7.070    -4.355 r  clk_inst/inst/mmcm_adv_inst/CLKOUT0
                         net (fo=1, routed)           1.719    -2.636    clk_inst/inst/clk_out1_clk_wiz_0
    BUFGCTRL_X0Y16       BUFG (Prop_bufg_I_O)         0.096    -2.540 r  clk_inst/inst/clkout1_buf/O
                         net (fo=1186, routed)        1.719    -0.821    cpu/clk_out1
    SLICE_X4Y86          FDRE                                         r  cpu/mem_addr_reg[3]/C
  -------------------------------------------------------------------    -------------------
    SLICE_X4Y86          FDRE (Prop_fdre_C_Q)         0.456    -0.365 r  cpu/mem_addr_reg[3]/Q
                         net (fo=194, routed)         1.581     1.216    cpu/mem_addr[1]
    SLICE_X6Y99          LUT2 (Prop_lut2_I0_O)        0.152     1.368 r  cpu/mem_rdata_q[6]_i_6/O
                         net (fo=7, routed)           1.456     2.824    cpu/mem_rdata_q[6]_i_6_n_0
    SLICE_X5Y82          LUT6 (Prop_lut6_I1_O)        0.348     3.172 r  cpu/mem_rdata_q[26]_i_5/O
                         net (fo=23, routed)          1.132     4.304    cpu/sel_axi
    SLICE_X6Y74          LUT2 (Prop_lut2_I1_O)        0.124     4.428 r  cpu/gpio_wdata[31]_i_3/O
                         net (fo=5, routed)           0.703     5.131    cpu/mem_addr_reg[30]_0
    SLICE_X6Y74          LUT4 (Prop_lut4_I3_O)        0.150     5.281 r  cpu/uart_awaddr[31]_i_2/O
                         net (fo=5, routed)           0.484     5.765    cpu/mem_addr_reg[4]_0
    SLICE_X5Y73          LUT6 (Prop_lut6_I5_O)        0.328     6.093 r  cpu/uart_awaddr[31]_i_1/O
                         net (fo=39, routed)          1.691     7.784    axi_bridge_inst/E[0]
    SLICE_X3Y102         FDCE                                         r  axi_bridge_inst/uart_awaddr_reg[14]/CE
  -------------------------------------------------------------------    -------------------

                         (clock clk_out1_clk_wiz_0_1 rise edge)
                                                     10.000    10.000 r  
    E3                                                0.000    10.000 r  CLK100MHZ (IN)
                         net (fo=0)                   0.000    10.000    clk_inst/inst/clk_in1
    E3                   IBUF (Prop_ibuf_I_O)         1.411    11.411 r  clk_inst/inst/clkin1_ibufg/O
                         net (fo=1, routed)           1.162    12.573    clk_inst/inst/clk_in1_clk_wiz_0
    MMCME2_ADV_X1Y2      MMCME2_ADV (Prop_mmcme2_adv_CLKIN1_CLKOUT0)
                                                     -7.324     5.249 r  clk_inst/inst/mmcm_adv_inst/CLKOUT0
                         net (fo=1, routed)           1.639     6.888    clk_inst/inst/clk_out1_clk_wiz_0
    BUFGCTRL_X0Y16       BUFG (Prop_bufg_I_O)         0.091     6.979 r  clk_inst/inst/clkout1_buf/O
                         net (fo=1186, routed)        1.590     8.569    axi_bridge_inst/clk_out1
    SLICE_X3Y102         FDCE                                         r  axi_bridge_inst/uart_awaddr_reg[14]/C
                         clock pessimism              0.480     9.050    
                         clock uncertainty           -0.074     8.976    
    SLICE_X3Y102         FDCE (Setup_fdce_C_CE)      -0.205     8.771    axi_bridge_inst/uart_awaddr_reg[14]
  -------------------------------------------------------------------
                         required time                          8.771    
                         arrival time                          -7.784    
  -------------------------------------------------------------------
                         slack                                  0.987    

Slack (MET) :             0.987ns  (required time - arrival time)
  Source:                 cpu/mem_addr_reg[3]/C
                            (rising edge-triggered cell FDRE clocked by clk_out1_clk_wiz_0_1  {rise@0.000ns fall@5.000ns period=10.000ns})
  Destination:            axi_bridge_inst/uart_awaddr_reg[21]/CE
                            (rising edge-triggered cell FDCE clocked by clk_out1_clk_wiz_0_1  {rise@0.000ns fall@5.000ns period=10.000ns})
  Path Group:             clk_out1_clk_wiz_0_1
  Path Type:              Setup (Max at Slow Process Corner)
  Requirement:            10.000ns  (clk_out1_clk_wiz_0_1 rise@10.000ns - clk_out1_clk_wiz_0_1 rise@0.000ns)
  Data Path Delay:        8.605ns  (logic 1.558ns (18.106%)  route 7.047ns (81.894%))
  Logic Levels:           5  (LUT2=2 LUT4=1 LUT6=2)
  Clock Path Skew:        -0.130ns (DCD - SCD + CPR)
    Destination Clock Delay (DCD):    -1.431ns = ( 8.569 - 10.000 ) 
    Source Clock Delay      (SCD):    -0.821ns
    Clock Pessimism Removal (CPR):    0.480ns
  Clock Uncertainty:      0.074ns  ((TSJ^2 + DJ^2)^1/2) / 2 + PE
    Total System Jitter     (TSJ):    0.071ns
    Discrete Jitter          (DJ):    0.129ns
    Phase Error              (PE):    0.000ns

    Location             Delay type                Incr(ns)  Path(ns)    Netlist Resource(s)
  -------------------------------------------------------------------    -------------------
                         (clock clk_out1_clk_wiz_0_1 rise edge)
                                                      0.000     0.000 r  
    E3                                                0.000     0.000 r  CLK100MHZ (IN)
                         net (fo=0)                   0.000     0.000    clk_inst/inst/clk_in1
    E3                   IBUF (Prop_ibuf_I_O)         1.482     1.482 r  clk_inst/inst/clkin1_ibufg/O
                         net (fo=1, routed)           1.233     2.715    clk_inst/inst/clk_in1_clk_wiz_0
    MMCME2_ADV_X1Y2      MMCME2_ADV (Prop_mmcme2_adv_CLKIN1_CLKOUT0)
                                                     -7.070    -4.355 r  clk_inst/inst/mmcm_adv_inst/CLKOUT0
                         net (fo=1, routed)           1.719    -2.636    clk_inst/inst/clk_out1_clk_wiz_0
    BUFGCTRL_X0Y16       BUFG (Prop_bufg_I_O)         0.096    -2.540 r  clk_inst/inst/clkout1_buf/O
                         net (fo=1186, routed)        1.719    -0.821    cpu/clk_out1
    SLICE_X4Y86          FDRE                                         r  cpu/mem_addr_reg[3]/C
  -------------------------------------------------------------------    -------------------
    SLICE_X4Y86          FDRE (Prop_fdre_C_Q)         0.456    -0.365 r  cpu/mem_addr_reg[3]/Q
                         net (fo=194, routed)         1.581     1.216    cpu/mem_addr[1]
    SLICE_X6Y99          LUT2 (Prop_lut2_I0_O)        0.152     1.368 r  cpu/mem_rdata_q[6]_i_6/O
                         net (fo=7, routed)           1.456     2.824    cpu/mem_rdata_q[6]_i_6_n_0
    SLICE_X5Y82          LUT6 (Prop_lut6_I1_O)        0.348     3.172 r  cpu/mem_rdata_q[26]_i_5/O
                         net (fo=23, routed)          1.132     4.304    cpu/sel_axi
    SLICE_X6Y74          LUT2 (Prop_lut2_I1_O)        0.124     4.428 r  cpu/gpio_wdata[31]_i_3/O
                         net (fo=5, routed)           0.703     5.131    cpu/mem_addr_reg[30]_0
    SLICE_X6Y74          LUT4 (Prop_lut4_I3_O)        0.150     5.281 r  cpu/uart_awaddr[31]_i_2/O
                         net (fo=5, routed)           0.484     5.765    cpu/mem_addr_reg[4]_0
    SLICE_X5Y73          LUT6 (Prop_lut6_I5_O)        0.328     6.093 r  cpu/uart_awaddr[31]_i_1/O
                         net (fo=39, routed)          1.691     7.784    axi_bridge_inst/E[0]
    SLICE_X3Y102         FDCE                                         r  axi_bridge_inst/uart_awaddr_reg[21]/CE
  -------------------------------------------------------------------    -------------------

                         (clock clk_out1_clk_wiz_0_1 rise edge)
                                                     10.000    10.000 r  
    E3                                                0.000    10.000 r  CLK100MHZ (IN)
                         net (fo=0)                   0.000    10.000    clk_inst/inst/clk_in1
    E3                   IBUF (Prop_ibuf_I_O)         1.411    11.411 r  clk_inst/inst/clkin1_ibufg/O
                         net (fo=1, routed)           1.162    12.573    clk_inst/inst/clk_in1_clk_wiz_0
    MMCME2_ADV_X1Y2      MMCME2_ADV (Prop_mmcme2_adv_CLKIN1_CLKOUT0)
                                                     -7.324     5.249 r  clk_inst/inst/mmcm_adv_inst/CLKOUT0
                         net (fo=1, routed)           1.639     6.888    clk_inst/inst/clk_out1_clk_wiz_0
    BUFGCTRL_X0Y16       BUFG (Prop_bufg_I_O)         0.091     6.979 r  clk_inst/inst/clkout1_buf/O
                         net (fo=1186, routed)        1.590     8.569    axi_bridge_inst/clk_out1
    SLICE_X3Y102         FDCE                                         r  axi_bridge_inst/uart_awaddr_reg[21]/C
                         clock pessimism              0.480     9.050    
                         clock uncertainty           -0.074     8.976    
    SLICE_X3Y102         FDCE (Setup_fdce_C_CE)      -0.205     8.771    axi_bridge_inst/uart_awaddr_reg[21]
  -------------------------------------------------------------------
                         required time                          8.771    
                         arrival time                          -7.784    
  -------------------------------------------------------------------
                         slack                                  0.987    

Slack (MET) :             0.987ns  (required time - arrival time)
  Source:                 cpu/mem_addr_reg[3]/C
                            (rising edge-triggered cell FDRE clocked by clk_out1_clk_wiz_0_1  {rise@0.000ns fall@5.000ns period=10.000ns})
  Destination:            axi_bridge_inst/uart_awaddr_reg[5]/CE
                            (rising edge-triggered cell FDCE clocked by clk_out1_clk_wiz_0_1  {rise@0.000ns fall@5.000ns period=10.000ns})
  Path Group:             clk_out1_clk_wiz_0_1
  Path Type:              Setup (Max at Slow Process Corner)
  Requirement:            10.000ns  (clk_out1_clk_wiz_0_1 rise@10.000ns - clk_out1_clk_wiz_0_1 rise@0.000ns)
  Data Path Delay:        8.605ns  (logic 1.558ns (18.106%)  route 7.047ns (81.894%))
  Logic Levels:           5  (LUT2=2 LUT4=1 LUT6=2)
  Clock Path Skew:        -0.130ns (DCD - SCD + CPR)
    Destination Clock Delay (DCD):    -1.431ns = ( 8.569 - 10.000 ) 
    Source Clock Delay      (SCD):    -0.821ns
    Clock Pessimism Removal (CPR):    0.480ns
  Clock Uncertainty:      0.074ns  ((TSJ^2 + DJ^2)^1/2) / 2 + PE
    Total System Jitter     (TSJ):    0.071ns
    Discrete Jitter          (DJ):    0.129ns
    Phase Error              (PE):    0.000ns

    Location             Delay type                Incr(ns)  Path(ns)    Netlist Resource(s)
  -------------------------------------------------------------------    -------------------
                         (clock clk_out1_clk_wiz_0_1 rise edge)
                                                      0.000     0.000 r  
    E3                                                0.000     0.000 r  CLK100MHZ (IN)
                         net (fo=0)                   0.000     0.000    clk_inst/inst/clk_in1
    E3                   IBUF (Prop_ibuf_I_O)         1.482     1.482 r  clk_inst/inst/clkin1_ibufg/O
                         net (fo=1, routed)           1.233     2.715    clk_inst/inst/clk_in1_clk_wiz_0
    MMCME2_ADV_X1Y2      MMCME2_ADV (Prop_mmcme2_adv_CLKIN1_CLKOUT0)
                                                     -7.070    -4.355 r  clk_inst/inst/mmcm_adv_inst/CLKOUT0
                         net (fo=1, routed)           1.719    -2.636    clk_inst/inst/clk_out1_clk_wiz_0
    BUFGCTRL_X0Y16       BUFG (Prop_bufg_I_O)         0.096    -2.540 r  clk_inst/inst/clkout1_buf/O
                         net (fo=1186, routed)        1.719    -0.821    cpu/clk_out1
    SLICE_X4Y86          FDRE                                         r  cpu/mem_addr_reg[3]/C
  -------------------------------------------------------------------    -------------------
    SLICE_X4Y86          FDRE (Prop_fdre_C_Q)         0.456    -0.365 r  cpu/mem_addr_reg[3]/Q
                         net (fo=194, routed)         1.581     1.216    cpu/mem_addr[1]
    SLICE_X6Y99          LUT2 (Prop_lut2_I0_O)        0.152     1.368 r  cpu/mem_rdata_q[6]_i_6/O
                         net (fo=7, routed)           1.456     2.824    cpu/mem_rdata_q[6]_i_6_n_0
    SLICE_X5Y82          LUT6 (Prop_lut6_I1_O)        0.348     3.172 r  cpu/mem_rdata_q[26]_i_5/O
                         net (fo=23, routed)          1.132     4.304    cpu/sel_axi
    SLICE_X6Y74          LUT2 (Prop_lut2_I1_O)        0.124     4.428 r  cpu/gpio_wdata[31]_i_3/O
                         net (fo=5, routed)           0.703     5.131    cpu/mem_addr_reg[30]_0
    SLICE_X6Y74          LUT4 (Prop_lut4_I3_O)        0.150     5.281 r  cpu/uart_awaddr[31]_i_2/O
                         net (fo=5, routed)           0.484     5.765    cpu/mem_addr_reg[4]_0
    SLICE_X5Y73          LUT6 (Prop_lut6_I5_O)        0.328     6.093 r  cpu/uart_awaddr[31]_i_1/O
                         net (fo=39, routed)          1.691     7.784    axi_bridge_inst/E[0]
    SLICE_X3Y102         FDCE                                         r  axi_bridge_inst/uart_awaddr_reg[5]/CE
  -------------------------------------------------------------------    -------------------

                         (clock clk_out1_clk_wiz_0_1 rise edge)
                                                     10.000    10.000 r  
    E3                                                0.000    10.000 r  CLK100MHZ (IN)
                         net (fo=0)                   0.000    10.000    clk_inst/inst/clk_in1
    E3                   IBUF (Prop_ibuf_I_O)         1.411    11.411 r  clk_inst/inst/clkin1_ibufg/O
                         net (fo=1, routed)           1.162    12.573    clk_inst/inst/clk_in1_clk_wiz_0
    MMCME2_ADV_X1Y2      MMCME2_ADV (Prop_mmcme2_adv_CLKIN1_CLKOUT0)
                                                     -7.324     5.249 r  clk_inst/inst/mmcm_adv_inst/CLKOUT0
                         net (fo=1, routed)           1.639     6.888    clk_inst/inst/clk_out1_clk_wiz_0
    BUFGCTRL_X0Y16       BUFG (Prop_bufg_I_O)         0.091     6.979 r  clk_inst/inst/clkout1_buf/O
                         net (fo=1186, routed)        1.590     8.569    axi_bridge_inst/clk_out1
    SLICE_X3Y102         FDCE                                         r  axi_bridge_inst/uart_awaddr_reg[5]/C
                         clock pessimism              0.480     9.050    
                         clock uncertainty           -0.074     8.976    
    SLICE_X3Y102         FDCE (Setup_fdce_C_CE)      -0.205     8.771    axi_bridge_inst/uart_awaddr_reg[5]
  -------------------------------------------------------------------
                         required time                          8.771    
                         arrival time                          -7.784    
  -------------------------------------------------------------------
                         slack                                  0.987    

Slack (MET) :             1.014ns  (required time - arrival time)
  Source:                 cpu/mem_addr_reg[3]/C
                            (rising edge-triggered cell FDRE clocked by clk_out1_clk_wiz_0_1  {rise@0.000ns fall@5.000ns period=10.000ns})
  Destination:            axi_bridge_inst/uart_awaddr_reg[25]/CE
                            (rising edge-triggered cell FDCE clocked by clk_out1_clk_wiz_0_1  {rise@0.000ns fall@5.000ns period=10.000ns})
  Path Group:             clk_out1_clk_wiz_0_1
  Path Type:              Setup (Max at Slow Process Corner)
  Requirement:            10.000ns  (clk_out1_clk_wiz_0_1 rise@10.000ns - clk_out1_clk_wiz_0_1 rise@0.000ns)
  Data Path Delay:        8.575ns  (logic 1.558ns (18.168%)  route 7.017ns (81.832%))
  Logic Levels:           5  (LUT2=2 LUT4=1 LUT6=2)
  Clock Path Skew:        -0.132ns (DCD - SCD + CPR)
    Destination Clock Delay (DCD):    -1.433ns = ( 8.567 - 10.000 ) 
    Source Clock Delay      (SCD):    -0.821ns
    Clock Pessimism Removal (CPR):    0.480ns
  Clock Uncertainty:      0.074ns  ((TSJ^2 + DJ^2)^1/2) / 2 + PE
    Total System Jitter     (TSJ):    0.071ns
    Discrete Jitter          (DJ):    0.129ns
    Phase Error              (PE):    0.000ns

    Location             Delay type                Incr(ns)  Path(ns)    Netlist Resource(s)
  -------------------------------------------------------------------    -------------------
                         (clock clk_out1_clk_wiz_0_1 rise edge)
                                                      0.000     0.000 r  
    E3                                                0.000     0.000 r  CLK100MHZ (IN)
                         net (fo=0)                   0.000     0.000    clk_inst/inst/clk_in1
    E3                   IBUF (Prop_ibuf_I_O)         1.482     1.482 r  clk_inst/inst/clkin1_ibufg/O
                         net (fo=1, routed)           1.233     2.715    clk_inst/inst/clk_in1_clk_wiz_0
    MMCME2_ADV_X1Y2      MMCME2_ADV (Prop_mmcme2_adv_CLKIN1_CLKOUT0)
                                                     -7.070    -4.355 r  clk_inst/inst/mmcm_adv_inst/CLKOUT0
                         net (fo=1, routed)           1.719    -2.636    clk_inst/inst/clk_out1_clk_wiz_0
    BUFGCTRL_X0Y16       BUFG (Prop_bufg_I_O)         0.096    -2.540 r  clk_inst/inst/clkout1_buf/O
                         net (fo=1186, routed)        1.719    -0.821    cpu/clk_out1
    SLICE_X4Y86          FDRE                                         r  cpu/mem_addr_reg[3]/C
  -------------------------------------------------------------------    -------------------
    SLICE_X4Y86          FDRE (Prop_fdre_C_Q)         0.456    -0.365 r  cpu/mem_addr_reg[3]/Q
                         net (fo=194, routed)         1.581     1.216    cpu/mem_addr[1]
    SLICE_X6Y99          LUT2 (Prop_lut2_I0_O)        0.152     1.368 r  cpu/mem_rdata_q[6]_i_6/O
                         net (fo=7, routed)           1.456     2.824    cpu/mem_rdata_q[6]_i_6_n_0
    SLICE_X5Y82          LUT6 (Prop_lut6_I1_O)        0.348     3.172 r  cpu/mem_rdata_q[26]_i_5/O
                         net (fo=23, routed)          1.132     4.304    cpu/sel_axi
    SLICE_X6Y74          LUT2 (Prop_lut2_I1_O)        0.124     4.428 r  cpu/gpio_wdata[31]_i_3/O
                         net (fo=5, routed)           0.703     5.131    cpu/mem_addr_reg[30]_0
    SLICE_X6Y74          LUT4 (Prop_lut4_I3_O)        0.150     5.281 r  cpu/uart_awaddr[31]_i_2/O
                         net (fo=5, routed)           0.484     5.765    cpu/mem_addr_reg[4]_0
    SLICE_X5Y73          LUT6 (Prop_lut6_I5_O)        0.328     6.093 r  cpu/uart_awaddr[31]_i_1/O
                         net (fo=39, routed)          1.662     7.755    axi_bridge_inst/E[0]
    SLICE_X7Y102         FDCE                                         r  axi_bridge_inst/uart_awaddr_reg[25]/CE
  -------------------------------------------------------------------    -------------------

                         (clock clk_out1_clk_wiz_0_1 rise edge)
                                                     10.000    10.000 r  
    E3                                                0.000    10.000 r  CLK100MHZ (IN)
                         net (fo=0)                   0.000    10.000    clk_inst/inst/clk_in1
    E3                   IBUF (Prop_ibuf_I_O)         1.411    11.411 r  clk_inst/inst/clkin1_ibufg/O
                         net (fo=1, routed)           1.162    12.573    clk_inst/inst/clk_in1_clk_wiz_0
    MMCME2_ADV_X1Y2      MMCME2_ADV (Prop_mmcme2_adv_CLKIN1_CLKOUT0)
                                                     -7.324     5.249 r  clk_inst/inst/mmcm_adv_inst/CLKOUT0
                         net (fo=1, routed)           1.639     6.888    clk_inst/inst/clk_out1_clk_wiz_0
    BUFGCTRL_X0Y16       BUFG (Prop_bufg_I_O)         0.091     6.979 r  clk_inst/inst/clkout1_buf/O
                         net (fo=1186, routed)        1.588     8.567    axi_bridge_inst/clk_out1
    SLICE_X7Y102         FDCE                                         r  axi_bridge_inst/uart_awaddr_reg[25]/C
                         clock pessimism              0.480     9.048    
                         clock uncertainty           -0.074     8.974    
    SLICE_X7Y102         FDCE (Setup_fdce_C_CE)      -0.205     8.769    axi_bridge_inst/uart_awaddr_reg[25]
  -------------------------------------------------------------------
                         required time                          8.769    
                         arrival time                          -7.755    
  -------------------------------------------------------------------
                         slack                                  1.014    

Slack (MET) :             1.014ns  (required time - arrival time)
  Source:                 cpu/mem_addr_reg[3]/C
                            (rising edge-triggered cell FDRE clocked by clk_out1_clk_wiz_0_1  {rise@0.000ns fall@5.000ns period=10.000ns})
  Destination:            axi_bridge_inst/uart_awaddr_reg[27]/CE
                            (rising edge-triggered cell FDCE clocked by clk_out1_clk_wiz_0_1  {rise@0.000ns fall@5.000ns period=10.000ns})
  Path Group:             clk_out1_clk_wiz_0_1
  Path Type:              Setup (Max at Slow Process Corner)
  Requirement:            10.000ns  (clk_out1_clk_wiz_0_1 rise@10.000ns - clk_out1_clk_wiz_0_1 rise@0.000ns)
  Data Path Delay:        8.575ns  (logic 1.558ns (18.168%)  route 7.017ns (81.832%))
  Logic Levels:           5  (LUT2=2 LUT4=1 LUT6=2)
  Clock Path Skew:        -0.132ns (DCD - SCD + CPR)
    Destination Clock Delay (DCD):    -1.433ns = ( 8.567 - 10.000 ) 
    Source Clock Delay      (SCD):    -0.821ns
    Clock Pessimism Removal (CPR):    0.480ns
  Clock Uncertainty:      0.074ns  ((TSJ^2 + DJ^2)^1/2) / 2 + PE
    Total System Jitter     (TSJ):    0.071ns
    Discrete Jitter          (DJ):    0.129ns
    Phase Error              (PE):    0.000ns

    Location             Delay type                Incr(ns)  Path(ns)    Netlist Resource(s)
  -------------------------------------------------------------------    -------------------
                         (clock clk_out1_clk_wiz_0_1 rise edge)
                                                      0.000     0.000 r  
    E3                                                0.000     0.000 r  CLK100MHZ (IN)
                         net (fo=0)                   0.000     0.000    clk_inst/inst/clk_in1
    E3                   IBUF (Prop_ibuf_I_O)         1.482     1.482 r  clk_inst/inst/clkin1_ibufg/O
                         net (fo=1, routed)           1.233     2.715    clk_inst/inst/clk_in1_clk_wiz_0
    MMCME2_ADV_X1Y2      MMCME2_ADV (Prop_mmcme2_adv_CLKIN1_CLKOUT0)
                                                     -7.070    -4.355 r  clk_inst/inst/mmcm_adv_inst/CLKOUT0
                         net (fo=1, routed)           1.719    -2.636    clk_inst/inst/clk_out1_clk_wiz_0
    BUFGCTRL_X0Y16       BUFG (Prop_bufg_I_O)         0.096    -2.540 r  clk_inst/inst/clkout1_buf/O
                         net (fo=1186, routed)        1.719    -0.821    cpu/clk_out1
    SLICE_X4Y86          FDRE                                         r  cpu/mem_addr_reg[3]/C
  -------------------------------------------------------------------    -------------------
    SLICE_X4Y86          FDRE (Prop_fdre_C_Q)         0.456    -0.365 r  cpu/mem_addr_reg[3]/Q
                         net (fo=194, routed)         1.581     1.216    cpu/mem_addr[1]
    SLICE_X6Y99          LUT2 (Prop_lut2_I0_O)        0.152     1.368 r  cpu/mem_rdata_q[6]_i_6/O
                         net (fo=7, routed)           1.456     2.824    cpu/mem_rdata_q[6]_i_6_n_0
    SLICE_X5Y82          LUT6 (Prop_lut6_I1_O)        0.348     3.172 r  cpu/mem_rdata_q[26]_i_5/O
                         net (fo=23, routed)          1.132     4.304    cpu/sel_axi
    SLICE_X6Y74          LUT2 (Prop_lut2_I1_O)        0.124     4.428 r  cpu/gpio_wdata[31]_i_3/O
                         net (fo=5, routed)           0.703     5.131    cpu/mem_addr_reg[30]_0
    SLICE_X6Y74          LUT4 (Prop_lut4_I3_O)        0.150     5.281 r  cpu/uart_awaddr[31]_i_2/O
                         net (fo=5, routed)           0.484     5.765    cpu/mem_addr_reg[4]_0
    SLICE_X5Y73          LUT6 (Prop_lut6_I5_O)        0.328     6.093 r  cpu/uart_awaddr[31]_i_1/O
                         net (fo=39, routed)          1.662     7.755    axi_bridge_inst/E[0]
    SLICE_X7Y102         FDCE                                         r  axi_bridge_inst/uart_awaddr_reg[27]/CE
  -------------------------------------------------------------------    -------------------

                         (clock clk_out1_clk_wiz_0_1 rise edge)
                                                     10.000    10.000 r  
    E3                                                0.000    10.000 r  CLK100MHZ (IN)
                         net (fo=0)                   0.000    10.000    clk_inst/inst/clk_in1
    E3                   IBUF (Prop_ibuf_I_O)         1.411    11.411 r  clk_inst/inst/clkin1_ibufg/O
                         net (fo=1, routed)           1.162    12.573    clk_inst/inst/clk_in1_clk_wiz_0
    MMCME2_ADV_X1Y2      MMCME2_ADV (Prop_mmcme2_adv_CLKIN1_CLKOUT0)
                                                     -7.324     5.249 r  clk_inst/inst/mmcm_adv_inst/CLKOUT0
                         net (fo=1, routed)           1.639     6.888    clk_inst/inst/clk_out1_clk_wiz_0
    BUFGCTRL_X0Y16       BUFG (Prop_bufg_I_O)         0.091     6.979 r  clk_inst/inst/clkout1_buf/O
                         net (fo=1186, routed)        1.588     8.567    axi_bridge_inst/clk_out1
    SLICE_X7Y102         FDCE                                         r  axi_bridge_inst/uart_awaddr_reg[27]/C
                         clock pessimism              0.480     9.048    
                         clock uncertainty           -0.074     8.974    
    SLICE_X7Y102         FDCE (Setup_fdce_C_CE)      -0.205     8.769    axi_bridge_inst/uart_awaddr_reg[27]
  -------------------------------------------------------------------
                         required time                          8.769    
                         arrival time                          -7.755    
  -------------------------------------------------------------------
                         slack                                  1.014    

Slack (MET) :             1.014ns  (required time - arrival time)
  Source:                 cpu/mem_addr_reg[3]/C
                            (rising edge-triggered cell FDRE clocked by clk_out1_clk_wiz_0_1  {rise@0.000ns fall@5.000ns period=10.000ns})
  Destination:            axi_bridge_inst/uart_awaddr_reg[31]/CE
                            (rising edge-triggered cell FDCE clocked by clk_out1_clk_wiz_0_1  {rise@0.000ns fall@5.000ns period=10.000ns})
  Path Group:             clk_out1_clk_wiz_0_1
  Path Type:              Setup (Max at Slow Process Corner)
  Requirement:            10.000ns  (clk_out1_clk_wiz_0_1 rise@10.000ns - clk_out1_clk_wiz_0_1 rise@0.000ns)
  Data Path Delay:        8.575ns  (logic 1.558ns (18.168%)  route 7.017ns (81.832%))
  Logic Levels:           5  (LUT2=2 LUT4=1 LUT6=2)
  Clock Path Skew:        -0.132ns (DCD - SCD + CPR)
    Destination Clock Delay (DCD):    -1.433ns = ( 8.567 - 10.000 ) 
    Source Clock Delay      (SCD):    -0.821ns
    Clock Pessimism Removal (CPR):    0.480ns
  Clock Uncertainty:      0.074ns  ((TSJ^2 + DJ^2)^1/2) / 2 + PE
    Total System Jitter     (TSJ):    0.071ns
    Discrete Jitter          (DJ):    0.129ns
    Phase Error              (PE):    0.000ns

    Location             Delay type                Incr(ns)  Path(ns)    Netlist Resource(s)
  -------------------------------------------------------------------    -------------------
                         (clock clk_out1_clk_wiz_0_1 rise edge)
                                                      0.000     0.000 r  
    E3                                                0.000     0.000 r  CLK100MHZ (IN)
                         net (fo=0)                   0.000     0.000    clk_inst/inst/clk_in1
    E3                   IBUF (Prop_ibuf_I_O)         1.482     1.482 r  clk_inst/inst/clkin1_ibufg/O
                         net (fo=1, routed)           1.233     2.715    clk_inst/inst/clk_in1_clk_wiz_0
    MMCME2_ADV_X1Y2      MMCME2_ADV (Prop_mmcme2_adv_CLKIN1_CLKOUT0)
                                                     -7.070    -4.355 r  clk_inst/inst/mmcm_adv_inst/CLKOUT0
                         net (fo=1, routed)           1.719    -2.636    clk_inst/inst/clk_out1_clk_wiz_0
    BUFGCTRL_X0Y16       BUFG (Prop_bufg_I_O)         0.096    -2.540 r  clk_inst/inst/clkout1_buf/O
                         net (fo=1186, routed)        1.719    -0.821    cpu/clk_out1
    SLICE_X4Y86          FDRE                                         r  cpu/mem_addr_reg[3]/C
  -------------------------------------------------------------------    -------------------
    SLICE_X4Y86          FDRE (Prop_fdre_C_Q)         0.456    -0.365 r  cpu/mem_addr_reg[3]/Q
                         net (fo=194, routed)         1.581     1.216    cpu/mem_addr[1]
    SLICE_X6Y99          LUT2 (Prop_lut2_I0_O)        0.152     1.368 r  cpu/mem_rdata_q[6]_i_6/O
                         net (fo=7, routed)           1.456     2.824    cpu/mem_rdata_q[6]_i_6_n_0
    SLICE_X5Y82          LUT6 (Prop_lut6_I1_O)        0.348     3.172 r  cpu/mem_rdata_q[26]_i_5/O
                         net (fo=23, routed)          1.132     4.304    cpu/sel_axi
    SLICE_X6Y74          LUT2 (Prop_lut2_I1_O)        0.124     4.428 r  cpu/gpio_wdata[31]_i_3/O
                         net (fo=5, routed)           0.703     5.131    cpu/mem_addr_reg[30]_0
    SLICE_X6Y74          LUT4 (Prop_lut4_I3_O)        0.150     5.281 r  cpu/uart_awaddr[31]_i_2/O
                         net (fo=5, routed)           0.484     5.765    cpu/mem_addr_reg[4]_0
    SLICE_X5Y73          LUT6 (Prop_lut6_I5_O)        0.328     6.093 r  cpu/uart_awaddr[31]_i_1/O
                         net (fo=39, routed)          1.662     7.755    axi_bridge_inst/E[0]
    SLICE_X7Y102         FDCE                                         r  axi_bridge_inst/uart_awaddr_reg[31]/CE
  -------------------------------------------------------------------    -------------------

                         (clock clk_out1_clk_wiz_0_1 rise edge)
                                                     10.000    10.000 r  
    E3                                                0.000    10.000 r  CLK100MHZ (IN)
                         net (fo=0)                   0.000    10.000    clk_inst/inst/clk_in1
    E3                   IBUF (Prop_ibuf_I_O)         1.411    11.411 r  clk_inst/inst/clkin1_ibufg/O
                         net (fo=1, routed)           1.162    12.573    clk_inst/inst/clk_in1_clk_wiz_0
    MMCME2_ADV_X1Y2      MMCME2_ADV (Prop_mmcme2_adv_CLKIN1_CLKOUT0)
                                                     -7.324     5.249 r  clk_inst/inst/mmcm_adv_inst/CLKOUT0
                         net (fo=1, routed)           1.639     6.888    clk_inst/inst/clk_out1_clk_wiz_0
    BUFGCTRL_X0Y16       BUFG (Prop_bufg_I_O)         0.091     6.979 r  clk_inst/inst/clkout1_buf/O
                         net (fo=1186, routed)        1.588     8.567    axi_bridge_inst/clk_out1
    SLICE_X7Y102         FDCE                                         r  axi_bridge_inst/uart_awaddr_reg[31]/C
                         clock pessimism              0.480     9.048    
                         clock uncertainty           -0.074     8.974    
    SLICE_X7Y102         FDCE (Setup_fdce_C_CE)      -0.205     8.769    axi_bridge_inst/uart_awaddr_reg[31]
  -------------------------------------------------------------------
                         required time                          8.769    
                         arrival time                          -7.755    
  -------------------------------------------------------------------
                         slack                                  1.014    

Slack (MET) :             1.014ns  (required time - arrival time)
  Source:                 cpu/mem_addr_reg[3]/C
                            (rising edge-triggered cell FDRE clocked by clk_out1_clk_wiz_0_1  {rise@0.000ns fall@5.000ns period=10.000ns})
  Destination:            axi_bridge_inst/uart_awaddr_reg[7]/CE
                            (rising edge-triggered cell FDCE clocked by clk_out1_clk_wiz_0_1  {rise@0.000ns fall@5.000ns period=10.000ns})
  Path Group:             clk_out1_clk_wiz_0_1
  Path Type:              Setup (Max at Slow Process Corner)
  Requirement:            10.000ns  (clk_out1_clk_wiz_0_1 rise@10.000ns - clk_out1_clk_wiz_0_1 rise@0.000ns)
  Data Path Delay:        8.575ns  (logic 1.558ns (18.168%)  route 7.017ns (81.832%))
  Logic Levels:           5  (LUT2=2 LUT4=1 LUT6=2)
  Clock Path Skew:        -0.132ns (DCD - SCD + CPR)
    Destination Clock Delay (DCD):    -1.433ns = ( 8.567 - 10.000 ) 
    Source Clock Delay      (SCD):    -0.821ns
    Clock Pessimism Removal (CPR):    0.480ns
  Clock Uncertainty:      0.074ns  ((TSJ^2 + DJ^2)^1/2) / 2 + PE
    Total System Jitter     (TSJ):    0.071ns
    Discrete Jitter          (DJ):    0.129ns
    Phase Error              (PE):    0.000ns

    Location             Delay type                Incr(ns)  Path(ns)    Netlist Resource(s)
  -------------------------------------------------------------------    -------------------
                         (clock clk_out1_clk_wiz_0_1 rise edge)
                                                      0.000     0.000 r  
    E3                                                0.000     0.000 r  CLK100MHZ (IN)
                         net (fo=0)                   0.000     0.000    clk_inst/inst/clk_in1
    E3                   IBUF (Prop_ibuf_I_O)         1.482     1.482 r  clk_inst/inst/clkin1_ibufg/O
                         net (fo=1, routed)           1.233     2.715    clk_inst/inst/clk_in1_clk_wiz_0
    MMCME2_ADV_X1Y2      MMCME2_ADV (Prop_mmcme2_adv_CLKIN1_CLKOUT0)
                                                     -7.070    -4.355 r  clk_inst/inst/mmcm_adv_inst/CLKOUT0
                         net (fo=1, routed)           1.719    -2.636    clk_inst/inst/clk_out1_clk_wiz_0
    BUFGCTRL_X0Y16       BUFG (Prop_bufg_I_O)         0.096    -2.540 r  clk_inst/inst/clkout1_buf/O
                         net (fo=1186, routed)        1.719    -0.821    cpu/clk_out1
    SLICE_X4Y86          FDRE                                         r  cpu/mem_addr_reg[3]/C
  -------------------------------------------------------------------    -------------------
    SLICE_X4Y86          FDRE (Prop_fdre_C_Q)         0.456    -0.365 r  cpu/mem_addr_reg[3]/Q
                         net (fo=194, routed)         1.581     1.216    cpu/mem_addr[1]
    SLICE_X6Y99          LUT2 (Prop_lut2_I0_O)        0.152     1.368 r  cpu/mem_rdata_q[6]_i_6/O
                         net (fo=7, routed)           1.456     2.824    cpu/mem_rdata_q[6]_i_6_n_0
    SLICE_X5Y82          LUT6 (Prop_lut6_I1_O)        0.348     3.172 r  cpu/mem_rdata_q[26]_i_5/O
                         net (fo=23, routed)          1.132     4.304    cpu/sel_axi
    SLICE_X6Y74          LUT2 (Prop_lut2_I1_O)        0.124     4.428 r  cpu/gpio_wdata[31]_i_3/O
                         net (fo=5, routed)           0.703     5.131    cpu/mem_addr_reg[30]_0
    SLICE_X6Y74          LUT4 (Prop_lut4_I3_O)        0.150     5.281 r  cpu/uart_awaddr[31]_i_2/O
                         net (fo=5, routed)           0.484     5.765    cpu/mem_addr_reg[4]_0
    SLICE_X5Y73          LUT6 (Prop_lut6_I5_O)        0.328     6.093 r  cpu/uart_awaddr[31]_i_1/O
                         net (fo=39, routed)          1.662     7.755    axi_bridge_inst/E[0]
    SLICE_X7Y102         FDCE                                         r  axi_bridge_inst/uart_awaddr_reg[7]/CE
  -------------------------------------------------------------------    -------------------

                         (clock clk_out1_clk_wiz_0_1 rise edge)
                                                     10.000    10.000 r  
    E3                                                0.000    10.000 r  CLK100MHZ (IN)
                         net (fo=0)                   0.000    10.000    clk_inst/inst/clk_in1
    E3                   IBUF (Prop_ibuf_I_O)         1.411    11.411 r  clk_inst/inst/clkin1_ibufg/O
                         net (fo=1, routed)           1.162    12.573    clk_inst/inst/clk_in1_clk_wiz_0
    MMCME2_ADV_X1Y2      MMCME2_ADV (Prop_mmcme2_adv_CLKIN1_CLKOUT0)
                                                     -7.324     5.249 r  clk_inst/inst/mmcm_adv_inst/CLKOUT0
                         net (fo=1, routed)           1.639     6.888    clk_inst/inst/clk_out1_clk_wiz_0
    BUFGCTRL_X0Y16       BUFG (Prop_bufg_I_O)         0.091     6.979 r  clk_inst/inst/clkout1_buf/O
                         net (fo=1186, routed)        1.588     8.567    axi_bridge_inst/clk_out1
    SLICE_X7Y102         FDCE                                         r  axi_bridge_inst/uart_awaddr_reg[7]/C
                         clock pessimism              0.480     9.048    
                         clock uncertainty           -0.074     8.974    
    SLICE_X7Y102         FDCE (Setup_fdce_C_CE)      -0.205     8.769    axi_bridge_inst/uart_awaddr_reg[7]
  -------------------------------------------------------------------
                         required time                          8.769    
                         arrival time                          -7.755    
  -------------------------------------------------------------------
                         slack                                  1.014    

Slack (MET) :             1.114ns  (required time - arrival time)
  Source:                 cpu/mem_addr_reg[3]/C
                            (rising edge-triggered cell FDRE clocked by clk_out1_clk_wiz_0_1  {rise@0.000ns fall@5.000ns period=10.000ns})
  Destination:            axi_bridge_inst/uart_araddr_reg[14]/CE
                            (rising edge-triggered cell FDCE clocked by clk_out1_clk_wiz_0_1  {rise@0.000ns fall@5.000ns period=10.000ns})
  Path Group:             clk_out1_clk_wiz_0_1
  Path Type:              Setup (Max at Slow Process Corner)
  Requirement:            10.000ns  (clk_out1_clk_wiz_0_1 rise@10.000ns - clk_out1_clk_wiz_0_1 rise@0.000ns)
  Data Path Delay:        8.475ns  (logic 1.558ns (18.383%)  route 6.917ns (81.617%))
  Logic Levels:           5  (LUT2=2 LUT4=1 LUT6=2)
  Clock Path Skew:        -0.132ns (DCD - SCD + CPR)
    Destination Clock Delay (DCD):    -1.433ns = ( 8.567 - 10.000 ) 
    Source Clock Delay      (SCD):    -0.821ns
    Clock Pessimism Removal (CPR):    0.480ns
  Clock Uncertainty:      0.074ns  ((TSJ^2 + DJ^2)^1/2) / 2 + PE
    Total System Jitter     (TSJ):    0.071ns
    Discrete Jitter          (DJ):    0.129ns
    Phase Error              (PE):    0.000ns

    Location             Delay type                Incr(ns)  Path(ns)    Netlist Resource(s)
  -------------------------------------------------------------------    -------------------
                         (clock clk_out1_clk_wiz_0_1 rise edge)
                                                      0.000     0.000 r  
    E3                                                0.000     0.000 r  CLK100MHZ (IN)
                         net (fo=0)                   0.000     0.000    clk_inst/inst/clk_in1
    E3                   IBUF (Prop_ibuf_I_O)         1.482     1.482 r  clk_inst/inst/clkin1_ibufg/O
                         net (fo=1, routed)           1.233     2.715    clk_inst/inst/clk_in1_clk_wiz_0
    MMCME2_ADV_X1Y2      MMCME2_ADV (Prop_mmcme2_adv_CLKIN1_CLKOUT0)
                                                     -7.070    -4.355 r  clk_inst/inst/mmcm_adv_inst/CLKOUT0
                         net (fo=1, routed)           1.719    -2.636    clk_inst/inst/clk_out1_clk_wiz_0
    BUFGCTRL_X0Y16       BUFG (Prop_bufg_I_O)         0.096    -2.540 r  clk_inst/inst/clkout1_buf/O
                         net (fo=1186, routed)        1.719    -0.821    cpu/clk_out1
    SLICE_X4Y86          FDRE                                         r  cpu/mem_addr_reg[3]/C
  -------------------------------------------------------------------    -------------------
    SLICE_X4Y86          FDRE (Prop_fdre_C_Q)         0.456    -0.365 r  cpu/mem_addr_reg[3]/Q
                         net (fo=194, routed)         1.581     1.216    cpu/mem_addr[1]
    SLICE_X6Y99          LUT2 (Prop_lut2_I0_O)        0.152     1.368 r  cpu/mem_rdata_q[6]_i_6/O
                         net (fo=7, routed)           1.456     2.824    cpu/mem_rdata_q[6]_i_6_n_0
    SLICE_X5Y82          LUT6 (Prop_lut6_I1_O)        0.348     3.172 r  cpu/mem_rdata_q[26]_i_5/O
                         net (fo=23, routed)          1.132     4.304    cpu/sel_axi
    SLICE_X6Y74          LUT2 (Prop_lut2_I1_O)        0.124     4.428 r  cpu/gpio_wdata[31]_i_3/O
                         net (fo=5, routed)           0.703     5.131    cpu/mem_addr_reg[30]_0
    SLICE_X6Y74          LUT4 (Prop_lut4_I3_O)        0.150     5.281 r  cpu/uart_awaddr[31]_i_2/O
                         net (fo=5, routed)           0.338     5.619    cpu/mem_addr_reg[4]_0
    SLICE_X5Y74          LUT6 (Prop_lut6_I5_O)        0.328     5.947 r  cpu/uart_araddr[31]_i_1/O
                         net (fo=30, routed)          1.707     7.655    axi_bridge_inst/uart_araddr_reg[31]_0[0]
    SLICE_X5Y102         FDCE                                         r  axi_bridge_inst/uart_araddr_reg[14]/CE
  -------------------------------------------------------------------    -------------------

                         (clock clk_out1_clk_wiz_0_1 rise edge)
                                                     10.000    10.000 r  
    E3                                                0.000    10.000 r  CLK100MHZ (IN)
                         net (fo=0)                   0.000    10.000    clk_inst/inst/clk_in1
    E3                   IBUF (Prop_ibuf_I_O)         1.411    11.411 r  clk_inst/inst/clkin1_ibufg/O
                         net (fo=1, routed)           1.162    12.573    clk_inst/inst/clk_in1_clk_wiz_0
    MMCME2_ADV_X1Y2      MMCME2_ADV (Prop_mmcme2_adv_CLKIN1_CLKOUT0)
                                                     -7.324     5.249 r  clk_inst/inst/mmcm_adv_inst/CLKOUT0
                         net (fo=1, routed)           1.639     6.888    clk_inst/inst/clk_out1_clk_wiz_0
    BUFGCTRL_X0Y16       BUFG (Prop_bufg_I_O)         0.091     6.979 r  clk_inst/inst/clkout1_buf/O
                         net (fo=1186, routed)        1.588     8.567    axi_bridge_inst/clk_out1
    SLICE_X5Y102         FDCE                                         r  axi_bridge_inst/uart_araddr_reg[14]/C
                         clock pessimism              0.480     9.048    
                         clock uncertainty           -0.074     8.974    
    SLICE_X5Y102         FDCE (Setup_fdce_C_CE)      -0.205     8.769    axi_bridge_inst/uart_araddr_reg[14]
  -------------------------------------------------------------------
                         required time                          8.769    
                         arrival time                          -7.655    
  -------------------------------------------------------------------
                         slack                                  1.114    

Slack (MET) :             1.114ns  (required time - arrival time)
  Source:                 cpu/mem_addr_reg[3]/C
                            (rising edge-triggered cell FDRE clocked by clk_out1_clk_wiz_0_1  {rise@0.000ns fall@5.000ns period=10.000ns})
  Destination:            axi_bridge_inst/uart_araddr_reg[17]/CE
                            (rising edge-triggered cell FDCE clocked by clk_out1_clk_wiz_0_1  {rise@0.000ns fall@5.000ns period=10.000ns})
  Path Group:             clk_out1_clk_wiz_0_1
  Path Type:              Setup (Max at Slow Process Corner)
  Requirement:            10.000ns  (clk_out1_clk_wiz_0_1 rise@10.000ns - clk_out1_clk_wiz_0_1 rise@0.000ns)
  Data Path Delay:        8.475ns  (logic 1.558ns (18.383%)  route 6.917ns (81.617%))
  Logic Levels:           5  (LUT2=2 LUT4=1 LUT6=2)
  Clock Path Skew:        -0.132ns (DCD - SCD + CPR)
    Destination Clock Delay (DCD):    -1.433ns = ( 8.567 - 10.000 ) 
    Source Clock Delay      (SCD):    -0.821ns
    Clock Pessimism Removal (CPR):    0.480ns
  Clock Uncertainty:      0.074ns  ((TSJ^2 + DJ^2)^1/2) / 2 + PE
    Total System Jitter     (TSJ):    0.071ns
    Discrete Jitter          (DJ):    0.129ns
    Phase Error              (PE):    0.000ns

    Location             Delay type                Incr(ns)  Path(ns)    Netlist Resource(s)
  -------------------------------------------------------------------    -------------------
                         (clock clk_out1_clk_wiz_0_1 rise edge)
                                                      0.000     0.000 r  
    E3                                                0.000     0.000 r  CLK100MHZ (IN)
                         net (fo=0)                   0.000     0.000    clk_inst/inst/clk_in1
    E3                   IBUF (Prop_ibuf_I_O)         1.482     1.482 r  clk_inst/inst/clkin1_ibufg/O
                         net (fo=1, routed)           1.233     2.715    clk_inst/inst/clk_in1_clk_wiz_0
    MMCME2_ADV_X1Y2      MMCME2_ADV (Prop_mmcme2_adv_CLKIN1_CLKOUT0)
                                                     -7.070    -4.355 r  clk_inst/inst/mmcm_adv_inst/CLKOUT0
                         net (fo=1, routed)           1.719    -2.636    clk_inst/inst/clk_out1_clk_wiz_0
    BUFGCTRL_X0Y16       BUFG (Prop_bufg_I_O)         0.096    -2.540 r  clk_inst/inst/clkout1_buf/O
                         net (fo=1186, routed)        1.719    -0.821    cpu/clk_out1
    SLICE_X4Y86          FDRE                                         r  cpu/mem_addr_reg[3]/C
  -------------------------------------------------------------------    -------------------
    SLICE_X4Y86          FDRE (Prop_fdre_C_Q)         0.456    -0.365 r  cpu/mem_addr_reg[3]/Q
                         net (fo=194, routed)         1.581     1.216    cpu/mem_addr[1]
    SLICE_X6Y99          LUT2 (Prop_lut2_I0_O)        0.152     1.368 r  cpu/mem_rdata_q[6]_i_6/O
                         net (fo=7, routed)           1.456     2.824    cpu/mem_rdata_q[6]_i_6_n_0
    SLICE_X5Y82          LUT6 (Prop_lut6_I1_O)        0.348     3.172 r  cpu/mem_rdata_q[26]_i_5/O
                         net (fo=23, routed)          1.132     4.304    cpu/sel_axi
    SLICE_X6Y74          LUT2 (Prop_lut2_I1_O)        0.124     4.428 r  cpu/gpio_wdata[31]_i_3/O
                         net (fo=5, routed)           0.703     5.131    cpu/mem_addr_reg[30]_0
    SLICE_X6Y74          LUT4 (Prop_lut4_I3_O)        0.150     5.281 r  cpu/uart_awaddr[31]_i_2/O
                         net (fo=5, routed)           0.338     5.619    cpu/mem_addr_reg[4]_0
    SLICE_X5Y74          LUT6 (Prop_lut6_I5_O)        0.328     5.947 r  cpu/uart_araddr[31]_i_1/O
                         net (fo=30, routed)          1.707     7.655    axi_bridge_inst/uart_araddr_reg[31]_0[0]
    SLICE_X5Y102         FDCE                                         r  axi_bridge_inst/uart_araddr_reg[17]/CE
  -------------------------------------------------------------------    -------------------

                         (clock clk_out1_clk_wiz_0_1 rise edge)
                                                     10.000    10.000 r  
    E3                                                0.000    10.000 r  CLK100MHZ (IN)
                         net (fo=0)                   0.000    10.000    clk_inst/inst/clk_in1
    E3                   IBUF (Prop_ibuf_I_O)         1.411    11.411 r  clk_inst/inst/clkin1_ibufg/O
                         net (fo=1, routed)           1.162    12.573    clk_inst/inst/clk_in1_clk_wiz_0
    MMCME2_ADV_X1Y2      MMCME2_ADV (Prop_mmcme2_adv_CLKIN1_CLKOUT0)
                                                     -7.324     5.249 r  clk_inst/inst/mmcm_adv_inst/CLKOUT0
                         net (fo=1, routed)           1.639     6.888    clk_inst/inst/clk_out1_clk_wiz_0
    BUFGCTRL_X0Y16       BUFG (Prop_bufg_I_O)         0.091     6.979 r  clk_inst/inst/clkout1_buf/O
                         net (fo=1186, routed)        1.588     8.567    axi_bridge_inst/clk_out1
    SLICE_X5Y102         FDCE                                         r  axi_bridge_inst/uart_araddr_reg[17]/C
                         clock pessimism              0.480     9.048    
                         clock uncertainty           -0.074     8.974    
    SLICE_X5Y102         FDCE (Setup_fdce_C_CE)      -0.205     8.769    axi_bridge_inst/uart_araddr_reg[17]
  -------------------------------------------------------------------
                         required time                          8.769    
                         arrival time                          -7.655    
  -------------------------------------------------------------------
                         slack                                  1.114    

Slack (MET) :             1.114ns  (required time - arrival time)
  Source:                 cpu/mem_addr_reg[3]/C
                            (rising edge-triggered cell FDRE clocked by clk_out1_clk_wiz_0_1  {rise@0.000ns fall@5.000ns period=10.000ns})
  Destination:            axi_bridge_inst/uart_araddr_reg[20]/CE
                            (rising edge-triggered cell FDCE clocked by clk_out1_clk_wiz_0_1  {rise@0.000ns fall@5.000ns period=10.000ns})
  Path Group:             clk_out1_clk_wiz_0_1
  Path Type:              Setup (Max at Slow Process Corner)
  Requirement:            10.000ns  (clk_out1_clk_wiz_0_1 rise@10.000ns - clk_out1_clk_wiz_0_1 rise@0.000ns)
  Data Path Delay:        8.475ns  (logic 1.558ns (18.383%)  route 6.917ns (81.617%))
  Logic Levels:           5  (LUT2=2 LUT4=1 LUT6=2)
  Clock Path Skew:        -0.132ns (DCD - SCD + CPR)
    Destination Clock Delay (DCD):    -1.433ns = ( 8.567 - 10.000 ) 
    Source Clock Delay      (SCD):    -0.821ns
    Clock Pessimism Removal (CPR):    0.480ns
  Clock Uncertainty:      0.074ns  ((TSJ^2 + DJ^2)^1/2) / 2 + PE
    Total System Jitter     (TSJ):    0.071ns
    Discrete Jitter          (DJ):    0.129ns
    Phase Error              (PE):    0.000ns

    Location             Delay type                Incr(ns)  Path(ns)    Netlist Resource(s)
  -------------------------------------------------------------------    -------------------
                         (clock clk_out1_clk_wiz_0_1 rise edge)
                                                      0.000     0.000 r  
    E3                                                0.000     0.000 r  CLK100MHZ (IN)
                         net (fo=0)                   0.000     0.000    clk_inst/inst/clk_in1
    E3                   IBUF (Prop_ibuf_I_O)         1.482     1.482 r  clk_inst/inst/clkin1_ibufg/O
                         net (fo=1, routed)           1.233     2.715    clk_inst/inst/clk_in1_clk_wiz_0
    MMCME2_ADV_X1Y2      MMCME2_ADV (Prop_mmcme2_adv_CLKIN1_CLKOUT0)
                                                     -7.070    -4.355 r  clk_inst/inst/mmcm_adv_inst/CLKOUT0
                         net (fo=1, routed)           1.719    -2.636    clk_inst/inst/clk_out1_clk_wiz_0
    BUFGCTRL_X0Y16       BUFG (Prop_bufg_I_O)         0.096    -2.540 r  clk_inst/inst/clkout1_buf/O
                         net (fo=1186, routed)        1.719    -0.821    cpu/clk_out1
    SLICE_X4Y86          FDRE                                         r  cpu/mem_addr_reg[3]/C
  -------------------------------------------------------------------    -------------------
    SLICE_X4Y86          FDRE (Prop_fdre_C_Q)         0.456    -0.365 r  cpu/mem_addr_reg[3]/Q
                         net (fo=194, routed)         1.581     1.216    cpu/mem_addr[1]
    SLICE_X6Y99          LUT2 (Prop_lut2_I0_O)        0.152     1.368 r  cpu/mem_rdata_q[6]_i_6/O
                         net (fo=7, routed)           1.456     2.824    cpu/mem_rdata_q[6]_i_6_n_0
    SLICE_X5Y82          LUT6 (Prop_lut6_I1_O)        0.348     3.172 r  cpu/mem_rdata_q[26]_i_5/O
                         net (fo=23, routed)          1.132     4.304    cpu/sel_axi
    SLICE_X6Y74          LUT2 (Prop_lut2_I1_O)        0.124     4.428 r  cpu/gpio_wdata[31]_i_3/O
                         net (fo=5, routed)           0.703     5.131    cpu/mem_addr_reg[30]_0
    SLICE_X6Y74          LUT4 (Prop_lut4_I3_O)        0.150     5.281 r  cpu/uart_awaddr[31]_i_2/O
                         net (fo=5, routed)           0.338     5.619    cpu/mem_addr_reg[4]_0
    SLICE_X5Y74          LUT6 (Prop_lut6_I5_O)        0.328     5.947 r  cpu/uart_araddr[31]_i_1/O
                         net (fo=30, routed)          1.707     7.655    axi_bridge_inst/uart_araddr_reg[31]_0[0]
    SLICE_X5Y102         FDCE                                         r  axi_bridge_inst/uart_araddr_reg[20]/CE
  -------------------------------------------------------------------    -------------------

                         (clock clk_out1_clk_wiz_0_1 rise edge)
                                                     10.000    10.000 r  
    E3                                                0.000    10.000 r  CLK100MHZ (IN)
                         net (fo=0)                   0.000    10.000    clk_inst/inst/clk_in1
    E3                   IBUF (Prop_ibuf_I_O)         1.411    11.411 r  clk_inst/inst/clkin1_ibufg/O
                         net (fo=1, routed)           1.162    12.573    clk_inst/inst/clk_in1_clk_wiz_0
    MMCME2_ADV_X1Y2      MMCME2_ADV (Prop_mmcme2_adv_CLKIN1_CLKOUT0)
                                                     -7.324     5.249 r  clk_inst/inst/mmcm_adv_inst/CLKOUT0
                         net (fo=1, routed)           1.639     6.888    clk_inst/inst/clk_out1_clk_wiz_0
    BUFGCTRL_X0Y16       BUFG (Prop_bufg_I_O)         0.091     6.979 r  clk_inst/inst/clkout1_buf/O
                         net (fo=1186, routed)        1.588     8.567    axi_bridge_inst/clk_out1
    SLICE_X5Y102         FDCE                                         r  axi_bridge_inst/uart_araddr_reg[20]/C
                         clock pessimism              0.480     9.048    
                         clock uncertainty           -0.074     8.974    
    SLICE_X5Y102         FDCE (Setup_fdce_C_CE)      -0.205     8.769    axi_bridge_inst/uart_araddr_reg[20]
  -------------------------------------------------------------------
                         required time                          8.769    
                         arrival time                          -7.655    
  -------------------------------------------------------------------
                         slack                                  1.114    





Min Delay Paths
--------------------------------------------------------------------------------------
Slack (MET) :             0.022ns  (arrival time - required time)
  Source:                 cpu/instr_sltu_reg/C
                            (rising edge-triggered cell FDRE clocked by clk_out1_clk_wiz_0_1  {rise@0.000ns fall@5.000ns period=10.000ns})
  Destination:            cpu/is_sltiu_bltu_sltu_reg/D
                            (rising edge-triggered cell FDRE clocked by clk_out1_clk_wiz_0_1  {rise@0.000ns fall@5.000ns period=10.000ns})
  Path Group:             clk_out1_clk_wiz_0_1
  Path Type:              Hold (Min at Fast Process Corner)
  Requirement:            0.000ns  (clk_out1_clk_wiz_0_1 rise@0.000ns - clk_out1_clk_wiz_0_1 rise@0.000ns)
  Data Path Delay:        0.407ns  (logic 0.246ns (60.391%)  route 0.161ns (39.609%))
  Logic Levels:           1  (LUT3=1)
  Clock Path Skew:        0.265ns (DCD - SCD - CPR)
    Destination Clock Delay (DCD):    -0.832ns
    Source Clock Delay      (SCD):    -0.588ns
    Clock Pessimism Removal (CPR):    -0.509ns

    Location             Delay type                Incr(ns)  Path(ns)    Netlist Resource(s)
  -------------------------------------------------------------------    -------------------
                         (clock clk_out1_clk_wiz_0_1 rise edge)
                                                      0.000     0.000 r  
    E3                                                0.000     0.000 r  CLK100MHZ (IN)
                         net (fo=0)                   0.000     0.000    clk_inst/inst/clk_in1
    E3                   IBUF (Prop_ibuf_I_O)         0.250     0.250 r  clk_inst/inst/clkin1_ibufg/O
                         net (fo=1, routed)           0.440     0.690    clk_inst/inst/clk_in1_clk_wiz_0
    MMCME2_ADV_X1Y2      MMCME2_ADV (Prop_mmcme2_adv_CLKIN1_CLKOUT0)
                                                     -2.379    -1.689 r  clk_inst/inst/mmcm_adv_inst/CLKOUT0
                         net (fo=1, routed)           0.499    -1.190    clk_inst/inst/clk_out1_clk_wiz_0
    BUFGCTRL_X0Y16       BUFG (Prop_bufg_I_O)         0.026    -1.164 r  clk_inst/inst/clkout1_buf/O
                         net (fo=1186, routed)        0.576    -0.588    cpu/clk_out1
    SLICE_X8Y99          FDRE                                         r  cpu/instr_sltu_reg/C
  -------------------------------------------------------------------    -------------------
    SLICE_X8Y99          FDRE (Prop_fdre_C_Q)         0.148    -0.440 r  cpu/instr_sltu_reg/Q
                         net (fo=2, routed)           0.161    -0.279    cpu/instr_sltu
    SLICE_X8Y101         LUT3 (Prop_lut3_I2_O)        0.098    -0.181 r  cpu/is_sltiu_bltu_sltu_i_1/O
                         net (fo=1, routed)           0.000    -0.181    cpu/is_sltiu_bltu_sltu_i_1_n_0
    SLICE_X8Y101         FDRE                                         r  cpu/is_sltiu_bltu_sltu_reg/D
  -------------------------------------------------------------------    -------------------

                         (clock clk_out1_clk_wiz_0_1 rise edge)
                                                      0.000     0.000 r  
    E3                                                0.000     0.000 r  CLK100MHZ (IN)
                         net (fo=0)                   0.000     0.000    clk_inst/inst/clk_in1
    E3                   IBUF (Prop_ibuf_I_O)         0.438     0.438 r  clk_inst/inst/clkin1_ibufg/O
                         net (fo=1, routed)           0.480     0.918    clk_inst/inst/clk_in1_clk_wiz_0
    MMCME2_ADV_X1Y2      MMCME2_ADV (Prop_mmcme2_adv_CLKIN1_CLKOUT0)
                                                     -3.163    -2.245 r  clk_inst/inst/mmcm_adv_inst/CLKOUT0
                         net (fo=1, routed)           0.544    -1.702    clk_inst/inst/clk_out1_clk_wiz_0
    BUFGCTRL_X0Y16       BUFG (Prop_bufg_I_O)         0.029    -1.673 r  clk_inst/inst/clkout1_buf/O
                         net (fo=1186, routed)        0.841    -0.832    cpu/clk_out1
    SLICE_X8Y101         FDRE                                         r  cpu/is_sltiu_bltu_sltu_reg/C
                         clock pessimism              0.509    -0.323    
    SLICE_X8Y101         FDRE (Hold_fdre_C_D)         0.120    -0.203    cpu/is_sltiu_bltu_sltu_reg
  -------------------------------------------------------------------
                         required time                          0.203    
                         arrival time                          -0.181    
  -------------------------------------------------------------------
                         slack                                  0.022    

Slack (MET) :             0.061ns  (arrival time - required time)
  Source:                 cpu/mem_addr_reg[26]/C
                            (rising edge-triggered cell FDRE clocked by clk_out1_clk_wiz_0_1  {rise@0.000ns fall@5.000ns period=10.000ns})
  Destination:            axi_bridge_inst/uart_araddr_reg[26]/D
                            (rising edge-triggered cell FDCE clocked by clk_out1_clk_wiz_0_1  {rise@0.000ns fall@5.000ns period=10.000ns})
  Path Group:             clk_out1_clk_wiz_0_1
  Path Type:              Hold (Min at Fast Process Corner)
  Requirement:            0.000ns  (clk_out1_clk_wiz_0_1 rise@0.000ns - clk_out1_clk_wiz_0_1 rise@0.000ns)
  Data Path Delay:        0.395ns  (logic 0.141ns (35.653%)  route 0.254ns (64.347%))
  Logic Levels:           0  
  Clock Path Skew:        0.264ns (DCD - SCD - CPR)
    Destination Clock Delay (DCD):    -0.804ns
    Source Clock Delay      (SCD):    -0.559ns
    Clock Pessimism Removal (CPR):    -0.509ns

    Location             Delay type                Incr(ns)  Path(ns)    Netlist Resource(s)
  -------------------------------------------------------------------    -------------------
                         (clock clk_out1_clk_wiz_0_1 rise edge)
                                                      0.000     0.000 r  
    E3                                                0.000     0.000 r  CLK100MHZ (IN)
                         net (fo=0)                   0.000     0.000    clk_inst/inst/clk_in1
    E3                   IBUF (Prop_ibuf_I_O)         0.250     0.250 r  clk_inst/inst/clkin1_ibufg/O
                         net (fo=1, routed)           0.440     0.690    clk_inst/inst/clk_in1_clk_wiz_0
    MMCME2_ADV_X1Y2      MMCME2_ADV (Prop_mmcme2_adv_CLKIN1_CLKOUT0)
                                                     -2.379    -1.689 r  clk_inst/inst/mmcm_adv_inst/CLKOUT0
                         net (fo=1, routed)           0.499    -1.190    clk_inst/inst/clk_out1_clk_wiz_0
    BUFGCTRL_X0Y16       BUFG (Prop_bufg_I_O)         0.026    -1.164 r  clk_inst/inst/clkout1_buf/O
                         net (fo=1186, routed)        0.605    -0.559    cpu/clk_out1
    SLICE_X3Y99          FDRE                                         r  cpu/mem_addr_reg[26]/C
  -------------------------------------------------------------------    -------------------
    SLICE_X3Y99          FDRE (Prop_fdre_C_Q)         0.141    -0.418 r  cpu/mem_addr_reg[26]/Q
                         net (fo=5, routed)           0.254    -0.164    axi_bridge_inst/uart_awaddr_reg[31]_1[24]
    SLICE_X5Y102         FDCE                                         r  axi_bridge_inst/uart_araddr_reg[26]/D
  -------------------------------------------------------------------    -------------------

                         (clock clk_out1_clk_wiz_0_1 rise edge)
                                                      0.000     0.000 r  
    E3                                                0.000     0.000 r  CLK100MHZ (IN)
                         net (fo=0)                   0.000     0.000    clk_inst/inst/clk_in1
    E3                   IBUF (Prop_ibuf_I_O)         0.438     0.438 r  clk_inst/inst/clkin1_ibufg/O
                         net (fo=1, routed)           0.480     0.918    clk_inst/inst/clk_in1_clk_wiz_0
    MMCME2_ADV_X1Y2      MMCME2_ADV (Prop_mmcme2_adv_CLKIN1_CLKOUT0)
                                                     -3.163    -2.245 r  clk_inst/inst/mmcm_adv_inst/CLKOUT0
                         net (fo=1, routed)           0.544    -1.702    clk_inst/inst/clk_out1_clk_wiz_0
    BUFGCTRL_X0Y16       BUFG (Prop_bufg_I_O)         0.029    -1.673 r  clk_inst/inst/clkout1_buf/O
                         net (fo=1186, routed)        0.868    -0.804    axi_bridge_inst/clk_out1
    SLICE_X5Y102         FDCE                                         r  axi_bridge_inst/uart_araddr_reg[26]/C
                         clock pessimism              0.509    -0.295    
    SLICE_X5Y102         FDCE (Hold_fdce_C_D)         0.071    -0.224    axi_bridge_inst/uart_araddr_reg[26]
  -------------------------------------------------------------------
                         required time                          0.224    
                         arrival time                          -0.164    
  -------------------------------------------------------------------
                         slack                                  0.061    

Slack (MET) :             0.065ns  (arrival time - required time)
  Source:                 cpu/mem_addr_reg[24]/C
                            (rising edge-triggered cell FDRE clocked by clk_out1_clk_wiz_0_1  {rise@0.000ns fall@5.000ns period=10.000ns})
  Destination:            axi_bridge_inst/uart_awaddr_reg[24]/D
                            (rising edge-triggered cell FDCE clocked by clk_out1_clk_wiz_0_1  {rise@0.000ns fall@5.000ns period=10.000ns})
  Path Group:             clk_out1_clk_wiz_0_1
  Path Type:              Hold (Min at Fast Process Corner)
  Requirement:            0.000ns  (clk_out1_clk_wiz_0_1 rise@0.000ns - clk_out1_clk_wiz_0_1 rise@0.000ns)
  Data Path Delay:        0.400ns  (logic 0.141ns (35.291%)  route 0.259ns (64.709%))
  Logic Levels:           0  
  Clock Path Skew:        0.265ns (DCD - SCD - CPR)
    Destination Clock Delay (DCD):    -0.804ns
    Source Clock Delay      (SCD):    -0.560ns
    Clock Pessimism Removal (CPR):    -0.509ns

    Location             Delay type                Incr(ns)  Path(ns)    Netlist Resource(s)
  -------------------------------------------------------------------    -------------------
                         (clock clk_out1_clk_wiz_0_1 rise edge)
                                                      0.000     0.000 r  
    E3                                                0.000     0.000 r  CLK100MHZ (IN)
                         net (fo=0)                   0.000     0.000    clk_inst/inst/clk_in1
    E3                   IBUF (Prop_ibuf_I_O)         0.250     0.250 r  clk_inst/inst/clkin1_ibufg/O
                         net (fo=1, routed)           0.440     0.690    clk_inst/inst/clk_in1_clk_wiz_0
    MMCME2_ADV_X1Y2      MMCME2_ADV (Prop_mmcme2_adv_CLKIN1_CLKOUT0)
                                                     -2.379    -1.689 r  clk_inst/inst/mmcm_adv_inst/CLKOUT0
                         net (fo=1, routed)           0.499    -1.190    clk_inst/inst/clk_out1_clk_wiz_0
    BUFGCTRL_X0Y16       BUFG (Prop_bufg_I_O)         0.026    -1.164 r  clk_inst/inst/clkout1_buf/O
                         net (fo=1186, routed)        0.604    -0.560    cpu/clk_out1
    SLICE_X5Y98          FDRE                                         r  cpu/mem_addr_reg[24]/C
  -------------------------------------------------------------------    -------------------
    SLICE_X5Y98          FDRE (Prop_fdre_C_Q)         0.141    -0.419 r  cpu/mem_addr_reg[24]/Q
                         net (fo=5, routed)           0.259    -0.161    axi_bridge_inst/uart_awaddr_reg[31]_1[22]
    SLICE_X4Y101         FDCE                                         r  axi_bridge_inst/uart_awaddr_reg[24]/D
  -------------------------------------------------------------------    -------------------

                         (clock clk_out1_clk_wiz_0_1 rise edge)
                                                      0.000     0.000 r  
    E3                                                0.000     0.000 r  CLK100MHZ (IN)
                         net (fo=0)                   0.000     0.000    clk_inst/inst/clk_in1
    E3                   IBUF (Prop_ibuf_I_O)         0.438     0.438 r  clk_inst/inst/clkin1_ibufg/O
                         net (fo=1, routed)           0.480     0.918    clk_inst/inst/clk_in1_clk_wiz_0
    MMCME2_ADV_X1Y2      MMCME2_ADV (Prop_mmcme2_adv_CLKIN1_CLKOUT0)
                                                     -3.163    -2.245 r  clk_inst/inst/mmcm_adv_inst/CLKOUT0
                         net (fo=1, routed)           0.544    -1.702    clk_inst/inst/clk_out1_clk_wiz_0
    BUFGCTRL_X0Y16       BUFG (Prop_bufg_I_O)         0.029    -1.673 r  clk_inst/inst/clkout1_buf/O
                         net (fo=1186, routed)        0.868    -0.804    axi_bridge_inst/clk_out1
    SLICE_X4Y101         FDCE                                         r  axi_bridge_inst/uart_awaddr_reg[24]/C
                         clock pessimism              0.509    -0.295    
    SLICE_X4Y101         FDCE (Hold_fdce_C_D)         0.070    -0.225    axi_bridge_inst/uart_awaddr_reg[24]
  -------------------------------------------------------------------
                         required time                          0.225    
                         arrival time                          -0.161    
  -------------------------------------------------------------------
                         slack                                  0.065    

Slack (MET) :             0.068ns  (arrival time - required time)
  Source:                 cpu/mem_wdata_reg[19]/C
                            (rising edge-triggered cell FDRE clocked by clk_out1_clk_wiz_0_1  {rise@0.000ns fall@5.000ns period=10.000ns})
  Destination:            ram_mem_reg_1/DIADI[3]
                            (rising edge-triggered cell RAMB36E1 clocked by clk_out1_clk_wiz_0_1  {rise@0.000ns fall@5.000ns period=10.000ns})
  Path Group:             clk_out1_clk_wiz_0_1
  Path Type:              Hold (Min at Fast Process Corner)
  Requirement:            0.000ns  (clk_out1_clk_wiz_0_1 rise@0.000ns - clk_out1_clk_wiz_0_1 rise@0.000ns)
  Data Path Delay:        0.280ns  (logic 0.164ns (58.545%)  route 0.116ns (41.455%))
  Logic Levels:           0  
  Clock Path Skew:        0.057ns (DCD - SCD - CPR)
    Destination Clock Delay (DCD):    -0.792ns
    Source Clock Delay      (SCD):    -0.595ns
    Clock Pessimism Removal (CPR):    -0.254ns

    Location             Delay type                Incr(ns)  Path(ns)    Netlist Resource(s)
  -------------------------------------------------------------------    -------------------
                         (clock clk_out1_clk_wiz_0_1 rise edge)
                                                      0.000     0.000 r  
    E3                                                0.000     0.000 r  CLK100MHZ (IN)
                         net (fo=0)                   0.000     0.000    clk_inst/inst/clk_in1
    E3                   IBUF (Prop_ibuf_I_O)         0.250     0.250 r  clk_inst/inst/clkin1_ibufg/O
                         net (fo=1, routed)           0.440     0.690    clk_inst/inst/clk_in1_clk_wiz_0
    MMCME2_ADV_X1Y2      MMCME2_ADV (Prop_mmcme2_adv_CLKIN1_CLKOUT0)
                                                     -2.379    -1.689 r  clk_inst/inst/mmcm_adv_inst/CLKOUT0
                         net (fo=1, routed)           0.499    -1.190    clk_inst/inst/clk_out1_clk_wiz_0
    BUFGCTRL_X0Y16       BUFG (Prop_bufg_I_O)         0.026    -1.164 r  clk_inst/inst/clkout1_buf/O
                         net (fo=1186, routed)        0.569    -0.595    cpu/clk_out1
    SLICE_X8Y82          FDRE                                         r  cpu/mem_wdata_reg[19]/C
  -------------------------------------------------------------------    -------------------
    SLICE_X8Y82          FDRE (Prop_fdre_C_Q)         0.164    -0.431 r  cpu/mem_wdata_reg[19]/Q
                         net (fo=2, routed)           0.116    -0.315    mem_wdata[19]
    RAMB36_X0Y16         RAMB36E1                                     r  ram_mem_reg_1/DIADI[3]
  -------------------------------------------------------------------    -------------------

                         (clock clk_out1_clk_wiz_0_1 rise edge)
                                                      0.000     0.000 r  
    E3                                                0.000     0.000 r  CLK100MHZ (IN)
                         net (fo=0)                   0.000     0.000    clk_inst/inst/clk_in1
    E3                   IBUF (Prop_ibuf_I_O)         0.438     0.438 r  clk_inst/inst/clkin1_ibufg/O
                         net (fo=1, routed)           0.480     0.918    clk_inst/inst/clk_in1_clk_wiz_0
    MMCME2_ADV_X1Y2      MMCME2_ADV (Prop_mmcme2_adv_CLKIN1_CLKOUT0)
                                                     -3.163    -2.245 r  clk_inst/inst/mmcm_adv_inst/CLKOUT0
                         net (fo=1, routed)           0.544    -1.702    clk_inst/inst/clk_out1_clk_wiz_0
    BUFGCTRL_X0Y16       BUFG (Prop_bufg_I_O)         0.029    -1.673 r  clk_inst/inst/clkout1_buf/O
                         net (fo=1186, routed)        0.881    -0.792    clk_stable
    RAMB36_X0Y16         RAMB36E1                                     r  ram_mem_reg_1/CLKARDCLK
                         clock pessimism              0.254    -0.538    
    RAMB36_X0Y16         RAMB36E1 (Hold_ramb36e1_CLKARDCLK_DIADI[3])
                                                      0.155    -0.383    ram_mem_reg_1
  -------------------------------------------------------------------
                         required time                          0.383    
                         arrival time                          -0.315    
  -------------------------------------------------------------------
                         slack                                  0.068    

Slack (MET) :             0.072ns  (arrival time - required time)
  Source:                 cpu/mem_wdata_reg[25]/C
                            (rising edge-triggered cell FDRE clocked by clk_out1_clk_wiz_0_1  {rise@0.000ns fall@5.000ns period=10.000ns})
  Destination:            ram_mem_reg_1/DIADI[9]
                            (rising edge-triggered cell RAMB36E1 clocked by clk_out1_clk_wiz_0_1  {rise@0.000ns fall@5.000ns period=10.000ns})
  Path Group:             clk_out1_clk_wiz_0_1
  Path Type:              Hold (Min at Fast Process Corner)
  Requirement:            0.000ns  (clk_out1_clk_wiz_0_1 rise@0.000ns - clk_out1_clk_wiz_0_1 rise@0.000ns)
  Data Path Delay:        0.282ns  (logic 0.164ns (58.104%)  route 0.118ns (41.896%))
  Logic Levels:           0  
  Clock Path Skew:        0.055ns (DCD - SCD - CPR)
    Destination Clock Delay (DCD):    -0.792ns
    Source Clock Delay      (SCD):    -0.593ns
    Clock Pessimism Removal (CPR):    -0.254ns

    Location             Delay type                Incr(ns)  Path(ns)    Netlist Resource(s)
  -------------------------------------------------------------------    -------------------
                         (clock clk_out1_clk_wiz_0_1 rise edge)
                                                      0.000     0.000 r  
    E3                                                0.000     0.000 r  CLK100MHZ (IN)
                         net (fo=0)                   0.000     0.000    clk_inst/inst/clk_in1
    E3                   IBUF (Prop_ibuf_I_O)         0.250     0.250 r  clk_inst/inst/clkin1_ibufg/O
                         net (fo=1, routed)           0.440     0.690    clk_inst/inst/clk_in1_clk_wiz_0
    MMCME2_ADV_X1Y2      MMCME2_ADV (Prop_mmcme2_adv_CLKIN1_CLKOUT0)
                                                     -2.379    -1.689 r  clk_inst/inst/mmcm_adv_inst/CLKOUT0
                         net (fo=1, routed)           0.499    -1.190    clk_inst/inst/clk_out1_clk_wiz_0
    BUFGCTRL_X0Y16       BUFG (Prop_bufg_I_O)         0.026    -1.164 r  clk_inst/inst/clkout1_buf/O
                         net (fo=1186, routed)        0.571    -0.593    cpu/clk_out1
    SLICE_X8Y84          FDRE                                         r  cpu/mem_wdata_reg[25]/C
  -------------------------------------------------------------------    -------------------
    SLICE_X8Y84          FDRE (Prop_fdre_C_Q)         0.164    -0.429 r  cpu/mem_wdata_reg[25]/Q
                         net (fo=2, routed)           0.118    -0.311    mem_wdata[25]
    RAMB36_X0Y16         RAMB36E1                                     r  ram_mem_reg_1/DIADI[9]
  -------------------------------------------------------------------    -------------------

                         (clock clk_out1_clk_wiz_0_1 rise edge)
                                                      0.000     0.000 r  
    E3                                                0.000     0.000 r  CLK100MHZ (IN)
                         net (fo=0)                   0.000     0.000    clk_inst/inst/clk_in1
    E3                   IBUF (Prop_ibuf_I_O)         0.438     0.438 r  clk_inst/inst/clkin1_ibufg/O
                         net (fo=1, routed)           0.480     0.918    clk_inst/inst/clk_in1_clk_wiz_0
    MMCME2_ADV_X1Y2      MMCME2_ADV (Prop_mmcme2_adv_CLKIN1_CLKOUT0)
                                                     -3.163    -2.245 r  clk_inst/inst/mmcm_adv_inst/CLKOUT0
                         net (fo=1, routed)           0.544    -1.702    clk_inst/inst/clk_out1_clk_wiz_0
    BUFGCTRL_X0Y16       BUFG (Prop_bufg_I_O)         0.029    -1.673 r  clk_inst/inst/clkout1_buf/O
                         net (fo=1186, routed)        0.881    -0.792    clk_stable
    RAMB36_X0Y16         RAMB36E1                                     r  ram_mem_reg_1/CLKARDCLK
                         clock pessimism              0.254    -0.538    
    RAMB36_X0Y16         RAMB36E1 (Hold_ramb36e1_CLKARDCLK_DIADI[9])
                                                      0.155    -0.383    ram_mem_reg_1
  -------------------------------------------------------------------
                         required time                          0.383    
                         arrival time                          -0.311    
  -------------------------------------------------------------------
                         slack                                  0.072    

Slack (MET) :             0.077ns  (arrival time - required time)
  Source:                 cpu/mem_addr_reg[19]/C
                            (rising edge-triggered cell FDRE clocked by clk_out1_clk_wiz_0_1  {rise@0.000ns fall@5.000ns period=10.000ns})
  Destination:            axi_bridge_inst/uart_araddr_reg[19]/D
                            (rising edge-triggered cell FDCE clocked by clk_out1_clk_wiz_0_1  {rise@0.000ns fall@5.000ns period=10.000ns})
  Path Group:             clk_out1_clk_wiz_0_1
  Path Type:              Hold (Min at Fast Process Corner)
  Requirement:            0.000ns  (clk_out1_clk_wiz_0_1 rise@0.000ns - clk_out1_clk_wiz_0_1 rise@0.000ns)
  Data Path Delay:        0.408ns  (logic 0.141ns (34.518%)  route 0.267ns (65.482%))
  Logic Levels:           0  
  Clock Path Skew:        0.266ns (DCD - SCD - CPR)
    Destination Clock Delay (DCD):    -0.804ns
    Source Clock Delay      (SCD):    -0.561ns
    Clock Pessimism Removal (CPR):    -0.509ns

    Location             Delay type                Incr(ns)  Path(ns)    Netlist Resource(s)
  -------------------------------------------------------------------    -------------------
                         (clock clk_out1_clk_wiz_0_1 rise edge)
                                                      0.000     0.000 r  
    E3                                                0.000     0.000 r  CLK100MHZ (IN)
                         net (fo=0)                   0.000     0.000    clk_inst/inst/clk_in1
    E3                   IBUF (Prop_ibuf_I_O)         0.250     0.250 r  clk_inst/inst/clkin1_ibufg/O
                         net (fo=1, routed)           0.440     0.690    clk_inst/inst/clk_in1_clk_wiz_0
    MMCME2_ADV_X1Y2      MMCME2_ADV (Prop_mmcme2_adv_CLKIN1_CLKOUT0)
                                                     -2.379    -1.689 r  clk_inst/inst/mmcm_adv_inst/CLKOUT0
                         net (fo=1, routed)           0.499    -1.190    clk_inst/inst/clk_out1_clk_wiz_0
    BUFGCTRL_X0Y16       BUFG (Prop_bufg_I_O)         0.026    -1.164 r  clk_inst/inst/clkout1_buf/O
                         net (fo=1186, routed)        0.603    -0.561    cpu/clk_out1
    SLICE_X4Y94          FDRE                                         r  cpu/mem_addr_reg[19]/C
  -------------------------------------------------------------------    -------------------
    SLICE_X4Y94          FDRE (Prop_fdre_C_Q)         0.141    -0.420 r  cpu/mem_addr_reg[19]/Q
                         net (fo=6, routed)           0.267    -0.153    axi_bridge_inst/uart_awaddr_reg[31]_1[17]
    SLICE_X5Y101         FDCE                                         r  axi_bridge_inst/uart_araddr_reg[19]/D
  -------------------------------------------------------------------    -------------------

                         (clock clk_out1_clk_wiz_0_1 rise edge)
                                                      0.000     0.000 r  
    E3                                                0.000     0.000 r  CLK100MHZ (IN)
                         net (fo=0)                   0.000     0.000    clk_inst/inst/clk_in1
    E3                   IBUF (Prop_ibuf_I_O)         0.438     0.438 r  clk_inst/inst/clkin1_ibufg/O
                         net (fo=1, routed)           0.480     0.918    clk_inst/inst/clk_in1_clk_wiz_0
    MMCME2_ADV_X1Y2      MMCME2_ADV (Prop_mmcme2_adv_CLKIN1_CLKOUT0)
                                                     -3.163    -2.245 r  clk_inst/inst/mmcm_adv_inst/CLKOUT0
                         net (fo=1, routed)           0.544    -1.702    clk_inst/inst/clk_out1_clk_wiz_0
    BUFGCTRL_X0Y16       BUFG (Prop_bufg_I_O)         0.029    -1.673 r  clk_inst/inst/clkout1_buf/O
                         net (fo=1186, routed)        0.868    -0.804    axi_bridge_inst/clk_out1
    SLICE_X5Y101         FDCE                                         r  axi_bridge_inst/uart_araddr_reg[19]/C
                         clock pessimism              0.509    -0.295    
    SLICE_X5Y101         FDCE (Hold_fdce_C_D)         0.066    -0.229    axi_bridge_inst/uart_araddr_reg[19]
  -------------------------------------------------------------------
                         required time                          0.229    
                         arrival time                          -0.153    
  -------------------------------------------------------------------
                         slack                                  0.077    

Slack (MET) :             0.078ns  (arrival time - required time)
  Source:                 uart_slave_inst/uart_tx_data_reg[2]/C
                            (rising edge-triggered cell FDCE clocked by clk_out1_clk_wiz_0_1  {rise@0.000ns fall@5.000ns period=10.000ns})
  Destination:            uart_slave_inst/uart_inst/fifo_tx/fifo_mem/memory_reg_0_7_0_5/RAMB/I
                            (rising edge-triggered cell RAMD32 clocked by clk_out1_clk_wiz_0_1  {rise@0.000ns fall@5.000ns period=10.000ns})
  Path Group:             clk_out1_clk_wiz_0_1
  Path Type:              Hold (Min at Fast Process Corner)
  Requirement:            0.000ns  (clk_out1_clk_wiz_0_1 rise@0.000ns - clk_out1_clk_wiz_0_1 rise@0.000ns)
  Data Path Delay:        0.257ns  (logic 0.141ns (54.920%)  route 0.116ns (45.080%))
  Logic Levels:           0  
  Clock Path Skew:        0.033ns (DCD - SCD - CPR)
    Destination Clock Delay (DCD):    -0.847ns
    Source Clock Delay      (SCD):    -0.605ns
    Clock Pessimism Removal (CPR):    -0.275ns

    Location             Delay type                Incr(ns)  Path(ns)    Netlist Resource(s)
  -------------------------------------------------------------------    -------------------
                         (clock clk_out1_clk_wiz_0_1 rise edge)
                                                      0.000     0.000 r  
    E3                                                0.000     0.000 r  CLK100MHZ (IN)
                         net (fo=0)                   0.000     0.000    clk_inst/inst/clk_in1
    E3                   IBUF (Prop_ibuf_I_O)         0.250     0.250 r  clk_inst/inst/clkin1_ibufg/O
                         net (fo=1, routed)           0.440     0.690    clk_inst/inst/clk_in1_clk_wiz_0
    MMCME2_ADV_X1Y2      MMCME2_ADV (Prop_mmcme2_adv_CLKIN1_CLKOUT0)
                                                     -2.379    -1.689 r  clk_inst/inst/mmcm_adv_inst/CLKOUT0
                         net (fo=1, routed)           0.499    -1.190    clk_inst/inst/clk_out1_clk_wiz_0
    BUFGCTRL_X0Y16       BUFG (Prop_bufg_I_O)         0.026    -1.164 r  clk_inst/inst/clkout1_buf/O
                         net (fo=1186, routed)        0.559    -0.605    uart_slave_inst/clk_out1
    SLICE_X32Y73         FDCE                                         r  uart_slave_inst/uart_tx_data_reg[2]/C
  -------------------------------------------------------------------    -------------------
    SLICE_X32Y73         FDCE (Prop_fdce_C_Q)         0.141    -0.464 r  uart_slave_inst/uart_tx_data_reg[2]/Q
                         net (fo=1, routed)           0.116    -0.349    uart_slave_inst/uart_inst/fifo_tx/fifo_mem/memory_reg_0_7_0_5/DIB0
    SLICE_X34Y73         RAMD32                                       r  uart_slave_inst/uart_inst/fifo_tx/fifo_mem/memory_reg_0_7_0_5/RAMB/I
  -------------------------------------------------------------------    -------------------

                         (clock clk_out1_clk_wiz_0_1 rise edge)
                                                      0.000     0.000 r  
    E3                                                0.000     0.000 r  CLK100MHZ (IN)
                         net (fo=0)                   0.000     0.000    clk_inst/inst/clk_in1
    E3                   IBUF (Prop_ibuf_I_O)         0.438     0.438 r  clk_inst/inst/clkin1_ibufg/O
                         net (fo=1, routed)           0.480     0.918    clk_inst/inst/clk_in1_clk_wiz_0
    MMCME2_ADV_X1Y2      MMCME2_ADV (Prop_mmcme2_adv_CLKIN1_CLKOUT0)
                                                     -3.163    -2.245 r  clk_inst/inst/mmcm_adv_inst/CLKOUT0
                         net (fo=1, routed)           0.544    -1.702    clk_inst/inst/clk_out1_clk_wiz_0
    BUFGCTRL_X0Y16       BUFG (Prop_bufg_I_O)         0.029    -1.673 r  clk_inst/inst/clkout1_buf/O
                         net (fo=1186, routed)        0.826    -0.847    uart_slave_inst/uart_inst/fifo_tx/fifo_mem/memory_reg_0_7_0_5/WCLK
    SLICE_X34Y73         RAMD32                                       r  uart_slave_inst/uart_inst/fifo_tx/fifo_mem/memory_reg_0_7_0_5/RAMB/CLK
                         clock pessimism              0.275    -0.572    
    SLICE_X34Y73         RAMD32 (Hold_ramd32_CLK_I)
                                                      0.146    -0.426    uart_slave_inst/uart_inst/fifo_tx/fifo_mem/memory_reg_0_7_0_5/RAMB
  -------------------------------------------------------------------
                         required time                          0.426    
                         arrival time                          -0.349    
  -------------------------------------------------------------------
                         slack                                  0.078    

Slack (MET) :             0.080ns  (arrival time - required time)
  Source:                 cpu/latched_rd_reg[0]/C
                            (rising edge-triggered cell FDRE clocked by clk_out1_clk_wiz_0_1  {rise@0.000ns fall@5.000ns period=10.000ns})
  Destination:            cpu/cpuregs_reg_r2_0_31_0_5/RAMA/WADR0
                            (rising edge-triggered cell RAMD32 clocked by clk_out1_clk_wiz_0_1  {rise@0.000ns fall@5.000ns period=10.000ns})
  Path Group:             clk_out1_clk_wiz_0_1
  Path Type:              Hold (Min at Fast Process Corner)
  Requirement:            0.000ns  (clk_out1_clk_wiz_0_1 rise@0.000ns - clk_out1_clk_wiz_0_1 rise@0.000ns)
  Data Path Delay:        0.428ns  (logic 0.141ns (32.923%)  route 0.287ns (67.077%))
  Logic Levels:           0  
  Clock Path Skew:        0.038ns (DCD - SCD - CPR)
    Destination Clock Delay (DCD):    -0.829ns
    Source Clock Delay      (SCD):    -0.592ns
    Clock Pessimism Removal (CPR):    -0.275ns

    Location             Delay type                Incr(ns)  Path(ns)    Netlist Resource(s)
  -------------------------------------------------------------------    -------------------
                         (clock clk_out1_clk_wiz_0_1 rise edge)
                                                      0.000     0.000 r  
    E3                                                0.000     0.000 r  CLK100MHZ (IN)
                         net (fo=0)                   0.000     0.000    clk_inst/inst/clk_in1
    E3                   IBUF (Prop_ibuf_I_O)         0.250     0.250 r  clk_inst/inst/clkin1_ibufg/O
                         net (fo=1, routed)           0.440     0.690    clk_inst/inst/clk_in1_clk_wiz_0
    MMCME2_ADV_X1Y2      MMCME2_ADV (Prop_mmcme2_adv_CLKIN1_CLKOUT0)
                                                     -2.379    -1.689 r  clk_inst/inst/mmcm_adv_inst/CLKOUT0
                         net (fo=1, routed)           0.499    -1.190    clk_inst/inst/clk_out1_clk_wiz_0
    BUFGCTRL_X0Y16       BUFG (Prop_bufg_I_O)         0.026    -1.164 r  clk_inst/inst/clkout1_buf/O
                         net (fo=1186, routed)        0.572    -0.592    cpu/clk_out1
    SLICE_X9Y87          FDRE                                         r  cpu/latched_rd_reg[0]/C
  -------------------------------------------------------------------    -------------------
    SLICE_X9Y87          FDRE (Prop_fdre_C_Q)         0.141    -0.451 r  cpu/latched_rd_reg[0]/Q
                         net (fo=93, routed)          0.287    -0.164    cpu/cpuregs_reg_r2_0_31_0_5/ADDRD0
    SLICE_X10Y88         RAMD32                                       r  cpu/cpuregs_reg_r2_0_31_0_5/RAMA/WADR0
  -------------------------------------------------------------------    -------------------

                         (clock clk_out1_clk_wiz_0_1 rise edge)
                                                      0.000     0.000 r  
    E3                                                0.000     0.000 r  CLK100MHZ (IN)
                         net (fo=0)                   0.000     0.000    clk_inst/inst/clk_in1
    E3                   IBUF (Prop_ibuf_I_O)         0.438     0.438 r  clk_inst/inst/clkin1_ibufg/O
                         net (fo=1, routed)           0.480     0.918    clk_inst/inst/clk_in1_clk_wiz_0
    MMCME2_ADV_X1Y2      MMCME2_ADV (Prop_mmcme2_adv_CLKIN1_CLKOUT0)
                                                     -3.163    -2.245 r  clk_inst/inst/mmcm_adv_inst/CLKOUT0
                         net (fo=1, routed)           0.544    -1.702    clk_inst/inst/clk_out1_clk_wiz_0
    BUFGCTRL_X0Y16       BUFG (Prop_bufg_I_O)         0.029    -1.673 r  clk_inst/inst/clkout1_buf/O
                         net (fo=1186, routed)        0.844    -0.829    cpu/cpuregs_reg_r2_0_31_0_5/WCLK
    SLICE_X10Y88         RAMD32                                       r  cpu/cpuregs_reg_r2_0_31_0_5/RAMA/CLK
                         clock pessimism              0.275    -0.554    
    SLICE_X10Y88         RAMD32 (Hold_ramd32_CLK_WADR0)
                                                      0.310    -0.244    cpu/cpuregs_reg_r2_0_31_0_5/RAMA
  -------------------------------------------------------------------
                         required time                          0.244    
                         arrival time                          -0.164    
  -------------------------------------------------------------------
                         slack                                  0.080    

Slack (MET) :             0.080ns  (arrival time - required time)
  Source:                 cpu/latched_rd_reg[0]/C
                            (rising edge-triggered cell FDRE clocked by clk_out1_clk_wiz_0_1  {rise@0.000ns fall@5.000ns period=10.000ns})
  Destination:            cpu/cpuregs_reg_r2_0_31_0_5/RAMA_D1/WADR0
                            (rising edge-triggered cell RAMD32 clocked by clk_out1_clk_wiz_0_1  {rise@0.000ns fall@5.000ns period=10.000ns})
  Path Group:             clk_out1_clk_wiz_0_1
  Path Type:              Hold (Min at Fast Process Corner)
  Requirement:            0.000ns  (clk_out1_clk_wiz_0_1 rise@0.000ns - clk_out1_clk_wiz_0_1 rise@0.000ns)
  Data Path Delay:        0.428ns  (logic 0.141ns (32.923%)  route 0.287ns (67.077%))
  Logic Levels:           0  
  Clock Path Skew:        0.038ns (DCD - SCD - CPR)
    Destination Clock Delay (DCD):    -0.829ns
    Source Clock Delay      (SCD):    -0.592ns
    Clock Pessimism Removal (CPR):    -0.275ns

    Location             Delay type                Incr(ns)  Path(ns)    Netlist Resource(s)
  -------------------------------------------------------------------    -------------------
                         (clock clk_out1_clk_wiz_0_1 rise edge)
                                                      0.000     0.000 r  
    E3                                                0.000     0.000 r  CLK100MHZ (IN)
                         net (fo=0)                   0.000     0.000    clk_inst/inst/clk_in1
    E3                   IBUF (Prop_ibuf_I_O)         0.250     0.250 r  clk_inst/inst/clkin1_ibufg/O
                         net (fo=1, routed)           0.440     0.690    clk_inst/inst/clk_in1_clk_wiz_0
    MMCME2_ADV_X1Y2      MMCME2_ADV (Prop_mmcme2_adv_CLKIN1_CLKOUT0)
                                                     -2.379    -1.689 r  clk_inst/inst/mmcm_adv_inst/CLKOUT0
                         net (fo=1, routed)           0.499    -1.190    clk_inst/inst/clk_out1_clk_wiz_0
    BUFGCTRL_X0Y16       BUFG (Prop_bufg_I_O)         0.026    -1.164 r  clk_inst/inst/clkout1_buf/O
                         net (fo=1186, routed)        0.572    -0.592    cpu/clk_out1
    SLICE_X9Y87          FDRE                                         r  cpu/latched_rd_reg[0]/C
  -------------------------------------------------------------------    -------------------
    SLICE_X9Y87          FDRE (Prop_fdre_C_Q)         0.141    -0.451 r  cpu/latched_rd_reg[0]/Q
                         net (fo=93, routed)          0.287    -0.164    cpu/cpuregs_reg_r2_0_31_0_5/ADDRD0
    SLICE_X10Y88         RAMD32                                       r  cpu/cpuregs_reg_r2_0_31_0_5/RAMA_D1/WADR0
  -------------------------------------------------------------------    -------------------

                         (clock clk_out1_clk_wiz_0_1 rise edge)
                                                      0.000     0.000 r  
    E3                                                0.000     0.000 r  CLK100MHZ (IN)
                         net (fo=0)                   0.000     0.000    clk_inst/inst/clk_in1
    E3                   IBUF (Prop_ibuf_I_O)         0.438     0.438 r  clk_inst/inst/clkin1_ibufg/O
                         net (fo=1, routed)           0.480     0.918    clk_inst/inst/clk_in1_clk_wiz_0
    MMCME2_ADV_X1Y2      MMCME2_ADV (Prop_mmcme2_adv_CLKIN1_CLKOUT0)
                                                     -3.163    -2.245 r  clk_inst/inst/mmcm_adv_inst/CLKOUT0
                         net (fo=1, routed)           0.544    -1.702    clk_inst/inst/clk_out1_clk_wiz_0
    BUFGCTRL_X0Y16       BUFG (Prop_bufg_I_O)         0.029    -1.673 r  clk_inst/inst/clkout1_buf/O
                         net (fo=1186, routed)        0.844    -0.829    cpu/cpuregs_reg_r2_0_31_0_5/WCLK
    SLICE_X10Y88         RAMD32                                       r  cpu/cpuregs_reg_r2_0_31_0_5/RAMA_D1/CLK
                         clock pessimism              0.275    -0.554    
    SLICE_X10Y88         RAMD32 (Hold_ramd32_CLK_WADR0)
                                                      0.310    -0.244    cpu/cpuregs_reg_r2_0_31_0_5/RAMA_D1
  -------------------------------------------------------------------
                         required time                          0.244    
                         arrival time                          -0.164    
  -------------------------------------------------------------------
                         slack                                  0.080    

Slack (MET) :             0.080ns  (arrival time - required time)
  Source:                 cpu/latched_rd_reg[0]/C
                            (rising edge-triggered cell FDRE clocked by clk_out1_clk_wiz_0_1  {rise@0.000ns fall@5.000ns period=10.000ns})
  Destination:            cpu/cpuregs_reg_r2_0_31_0_5/RAMB/WADR0
                            (rising edge-triggered cell RAMD32 clocked by clk_out1_clk_wiz_0_1  {rise@0.000ns fall@5.000ns period=10.000ns})
  Path Group:             clk_out1_clk_wiz_0_1
  Path Type:              Hold (Min at Fast Process Corner)
  Requirement:            0.000ns  (clk_out1_clk_wiz_0_1 rise@0.000ns - clk_out1_clk_wiz_0_1 rise@0.000ns)
  Data Path Delay:        0.428ns  (logic 0.141ns (32.923%)  route 0.287ns (67.077%))
  Logic Levels:           0  
  Clock Path Skew:        0.038ns (DCD - SCD - CPR)
    Destination Clock Delay (DCD):    -0.829ns
    Source Clock Delay      (SCD):    -0.592ns
    Clock Pessimism Removal (CPR):    -0.275ns

    Location             Delay type                Incr(ns)  Path(ns)    Netlist Resource(s)
  -------------------------------------------------------------------    -------------------
                         (clock clk_out1_clk_wiz_0_1 rise edge)
                                                      0.000     0.000 r  
    E3                                                0.000     0.000 r  CLK100MHZ (IN)
                         net (fo=0)                   0.000     0.000    clk_inst/inst/clk_in1
    E3                   IBUF (Prop_ibuf_I_O)         0.250     0.250 r  clk_inst/inst/clkin1_ibufg/O
                         net (fo=1, routed)           0.440     0.690    clk_inst/inst/clk_in1_clk_wiz_0
    MMCME2_ADV_X1Y2      MMCME2_ADV (Prop_mmcme2_adv_CLKIN1_CLKOUT0)
                                                     -2.379    -1.689 r  clk_inst/inst/mmcm_adv_inst/CLKOUT0
                         net (fo=1, routed)           0.499    -1.190    clk_inst/inst/clk_out1_clk_wiz_0
    BUFGCTRL_X0Y16       BUFG (Prop_bufg_I_O)         0.026    -1.164 r  clk_inst/inst/clkout1_buf/O
                         net (fo=1186, routed)        0.572    -0.592    cpu/clk_out1
    SLICE_X9Y87          FDRE                                         r  cpu/latched_rd_reg[0]/C
  -------------------------------------------------------------------    -------------------
    SLICE_X9Y87          FDRE (Prop_fdre_C_Q)         0.141    -0.451 r  cpu/latched_rd_reg[0]/Q
                         net (fo=93, routed)          0.287    -0.164    cpu/cpuregs_reg_r2_0_31_0_5/ADDRD0
    SLICE_X10Y88         RAMD32                                       r  cpu/cpuregs_reg_r2_0_31_0_5/RAMB/WADR0
  -------------------------------------------------------------------    -------------------

                         (clock clk_out1_clk_wiz_0_1 rise edge)
                                                      0.000     0.000 r  
    E3                                                0.000     0.000 r  CLK100MHZ (IN)
                         net (fo=0)                   0.000     0.000    clk_inst/inst/clk_in1
    E3                   IBUF (Prop_ibuf_I_O)         0.438     0.438 r  clk_inst/inst/clkin1_ibufg/O
                         net (fo=1, routed)           0.480     0.918    clk_inst/inst/clk_in1_clk_wiz_0
    MMCME2_ADV_X1Y2      MMCME2_ADV (Prop_mmcme2_adv_CLKIN1_CLKOUT0)
                                                     -3.163    -2.245 r  clk_inst/inst/mmcm_adv_inst/CLKOUT0
                         net (fo=1, routed)           0.544    -1.702    clk_inst/inst/clk_out1_clk_wiz_0
    BUFGCTRL_X0Y16       BUFG (Prop_bufg_I_O)         0.029    -1.673 r  clk_inst/inst/clkout1_buf/O
                         net (fo=1186, routed)        0.844    -0.829    cpu/cpuregs_reg_r2_0_31_0_5/WCLK
    SLICE_X10Y88         RAMD32                                       r  cpu/cpuregs_reg_r2_0_31_0_5/RAMB/CLK
                         clock pessimism              0.275    -0.554    
    SLICE_X10Y88         RAMD32 (Hold_ramd32_CLK_WADR0)
                                                      0.310    -0.244    cpu/cpuregs_reg_r2_0_31_0_5/RAMB
  -------------------------------------------------------------------
                         required time                          0.244    
                         arrival time                          -0.164    
  -------------------------------------------------------------------
                         slack                                  0.080    





Pulse Width Checks
--------------------------------------------------------------------------------------
Clock Name:         clk_out1_clk_wiz_0_1
Waveform(ns):       { 0.000 5.000 }
Period(ns):         10.000
Sources:            { clk_inst/inst/mmcm_adv_inst/CLKOUT0 }

Check Type        Corner  Lib Pin             Reference Pin  Required(ns)  Actual(ns)  Slack(ns)  Location         Pin
Min Period        n/a     RAMB36E1/CLKARDCLK  n/a            2.944         10.000      7.056      RAMB36_X0Y15     ram_mem_reg_0/CLKARDCLK
Min Period        n/a     RAMB36E1/CLKARDCLK  n/a            2.944         10.000      7.056      RAMB36_X0Y16     ram_mem_reg_1/CLKARDCLK
Min Period        n/a     RAMB36E1/CLKBWRCLK  n/a            2.576         10.000      7.424      RAMB36_X0Y15     ram_mem_reg_0/CLKBWRCLK
Min Period        n/a     RAMB36E1/CLKBWRCLK  n/a            2.576         10.000      7.424      RAMB36_X0Y16     ram_mem_reg_1/CLKBWRCLK
Min Period        n/a     BUFG/I              n/a            2.155         10.000      7.845      BUFGCTRL_X0Y16   clk_inst/inst/clkout1_buf/I
Min Period        n/a     MMCME2_ADV/CLKOUT0  n/a            1.249         10.000      8.751      MMCME2_ADV_X1Y2  clk_inst/inst/mmcm_adv_inst/CLKOUT0
Min Period        n/a     FDCE/C              n/a            1.000         10.000      9.000      SLICE_X7Y80      ram_pending_reg/C
Min Period        n/a     FDCE/C              n/a            1.000         10.000      9.000      SLICE_X4Y69      axi_bridge_inst/FSM_sequential_state_reg[0]/C
Min Period        n/a     FDCE/C              n/a            1.000         10.000      9.000      SLICE_X4Y69      axi_bridge_inst/FSM_sequential_state_reg[1]/C
Min Period        n/a     FDCE/C              n/a            1.000         10.000      9.000      SLICE_X4Y69      axi_bridge_inst/FSM_sequential_state_reg[2]/C
Max Period        n/a     MMCME2_ADV/CLKOUT0  n/a            213.360       10.000      203.360    MMCME2_ADV_X1Y2  clk_inst/inst/mmcm_adv_inst/CLKOUT0
Low Pulse Width   Slow    RAMD32/CLK          n/a            1.250         5.000       3.750      SLICE_X10Y90     cpu/cpuregs_reg_r1_0_31_0_5/RAMA/CLK
Low Pulse Width   Fast    RAMD32/CLK          n/a            1.250         5.000       3.750      SLICE_X10Y90     cpu/cpuregs_reg_r1_0_31_0_5/RAMA/CLK
Low Pulse Width   Slow    RAMD32/CLK          n/a            1.250         5.000       3.750      SLICE_X10Y90     cpu/cpuregs_reg_r1_0_31_0_5/RAMA_D1/CLK
Low Pulse Width   Fast    RAMD32/CLK          n/a            1.250         5.000       3.750      SLICE_X10Y90     cpu/cpuregs_reg_r1_0_31_0_5/RAMA_D1/CLK
Low Pulse Width   Slow    RAMD32/CLK          n/a            1.250         5.000       3.750      SLICE_X10Y90     cpu/cpuregs_reg_r1_0_31_0_5/RAMB/CLK
Low Pulse Width   Fast    RAMD32/CLK          n/a            1.250         5.000       3.750      SLICE_X10Y90     cpu/cpuregs_reg_r1_0_31_0_5/RAMB/CLK
Low Pulse Width   Slow    RAMD32/CLK          n/a            1.250         5.000       3.750      SLICE_X10Y90     cpu/cpuregs_reg_r1_0_31_0_5/RAMB_D1/CLK
Low Pulse Width   Fast    RAMD32/CLK          n/a            1.250         5.000       3.750      SLICE_X10Y90     cpu/cpuregs_reg_r1_0_31_0_5/RAMB_D1/CLK
Low Pulse Width   Slow    RAMD32/CLK          n/a            1.250         5.000       3.750      SLICE_X10Y90     cpu/cpuregs_reg_r1_0_31_0_5/RAMC/CLK
Low Pulse Width   Fast    RAMD32/CLK          n/a            1.250         5.000       3.750      SLICE_X10Y90     cpu/cpuregs_reg_r1_0_31_0_5/RAMC/CLK
High Pulse Width  Slow    RAMD32/CLK          n/a            1.250         5.000       3.750      SLICE_X10Y90     cpu/cpuregs_reg_r1_0_31_0_5/RAMA/CLK
High Pulse Width  Fast    RAMD32/CLK          n/a            1.250         5.000       3.750      SLICE_X10Y90     cpu/cpuregs_reg_r1_0_31_0_5/RAMA/CLK
High Pulse Width  Slow    RAMD32/CLK          n/a            1.250         5.000       3.750      SLICE_X10Y90     cpu/cpuregs_reg_r1_0_31_0_5/RAMA_D1/CLK
High Pulse Width  Fast    RAMD32/CLK          n/a            1.250         5.000       3.750      SLICE_X10Y90     cpu/cpuregs_reg_r1_0_31_0_5/RAMA_D1/CLK
High Pulse Width  Slow    RAMD32/CLK          n/a            1.250         5.000       3.750      SLICE_X10Y90     cpu/cpuregs_reg_r1_0_31_0_5/RAMB/CLK
High Pulse Width  Fast    RAMD32/CLK          n/a            1.250         5.000       3.750      SLICE_X10Y90     cpu/cpuregs_reg_r1_0_31_0_5/RAMB/CLK
High Pulse Width  Slow    RAMD32/CLK          n/a            1.250         5.000       3.750      SLICE_X10Y90     cpu/cpuregs_reg_r1_0_31_0_5/RAMB_D1/CLK
High Pulse Width  Fast    RAMD32/CLK          n/a            1.250         5.000       3.750      SLICE_X10Y90     cpu/cpuregs_reg_r1_0_31_0_5/RAMB_D1/CLK
High Pulse Width  Slow    RAMD32/CLK          n/a            1.250         5.000       3.750      SLICE_X10Y90     cpu/cpuregs_reg_r1_0_31_0_5/RAMC/CLK
High Pulse Width  Fast    RAMD32/CLK          n/a            1.250         5.000       3.750      SLICE_X10Y90     cpu/cpuregs_reg_r1_0_31_0_5/RAMC/CLK



---------------------------------------------------------------------------------------------------
From Clock:  clkfbout_clk_wiz_0_1
  To Clock:  clkfbout_clk_wiz_0_1

Setup :           NA  Failing Endpoints,  Worst Slack           NA  ,  Total Violation           NA
Hold  :           NA  Failing Endpoints,  Worst Slack           NA  ,  Total Violation           NA
PW    :            0  Failing Endpoints,  Worst Slack        7.845ns,  Total Violation        0.000ns
---------------------------------------------------------------------------------------------------


Pulse Width Checks
--------------------------------------------------------------------------------------
Clock Name:         clkfbout_clk_wiz_0_1
Waveform(ns):       { 0.000 5.000 }
Period(ns):         10.000
Sources:            { clk_inst/inst/mmcm_adv_inst/CLKFBOUT }

Check Type  Corner  Lib Pin              Reference Pin  Required(ns)  Actual(ns)  Slack(ns)  Location         Pin
Min Period  n/a     BUFG/I               n/a            2.155         10.000      7.845      BUFGCTRL_X0Y17   clk_inst/inst/clkf_buf/I
Min Period  n/a     MMCME2_ADV/CLKFBOUT  n/a            1.249         10.000      8.751      MMCME2_ADV_X1Y2  clk_inst/inst/mmcm_adv_inst/CLKFBOUT
Min Period  n/a     MMCME2_ADV/CLKFBIN   n/a            1.249         10.000      8.751      MMCME2_ADV_X1Y2  clk_inst/inst/mmcm_adv_inst/CLKFBIN
Max Period  n/a     MMCME2_ADV/CLKFBIN   n/a            100.000       10.000      90.000     MMCME2_ADV_X1Y2  clk_inst/inst/mmcm_adv_inst/CLKFBIN
Max Period  n/a     MMCME2_ADV/CLKFBOUT  n/a            213.360       10.000      203.360    MMCME2_ADV_X1Y2  clk_inst/inst/mmcm_adv_inst/CLKFBOUT



--------------------------------------------------------------------------------------
Path Group:  (none)
From Clock:  clk_out1_clk_wiz_0_1
  To Clock:  

Max Delay            20 Endpoints
Min Delay            20 Endpoints
--------------------------------------------------------------------------------------


Max Delay Paths
--------------------------------------------------------------------------------------
Slack:                    inf
  Source:                 uart_slave_inst/uart_inst/uart_tx/o_tx_reg/C
                            (rising edge-triggered cell FDPE clocked by clk_out1_clk_wiz_0_1  {rise@0.000ns fall@5.000ns period=10.000ns})
  Destination:            uart_tx
                            (output port)
  Path Group:             (none)
  Path Type:              Max at Slow Process Corner
  Data Path Delay:        8.958ns  (logic 4.011ns (44.777%)  route 4.947ns (55.223%))
  Logic Levels:           1  (OBUF=1)
  Clock Uncertainty:      0.168ns  ((TSJ^2 + DJ^2)^1/2) / 2 + PE
    Total System Jitter     (TSJ):    0.050ns
    Discrete Jitter          (DJ):    0.129ns
    Phase Error              (PE):    0.099ns

    Location             Delay type                Incr(ns)  Path(ns)    Netlist Resource(s)
  -------------------------------------------------------------------    -------------------
                         (clock clk_out1_clk_wiz_0_1 rise edge)
                                                      0.000     0.000 r  
    E3                                                0.000     0.000 r  CLK100MHZ (IN)
                         net (fo=0)                   0.000     0.000    clk_inst/inst/clk_in1
    E3                   IBUF (Prop_ibuf_I_O)         1.482     1.482 r  clk_inst/inst/clkin1_ibufg/O
                         net (fo=1, routed)           1.233     2.715    clk_inst/inst/clk_in1_clk_wiz_0
    MMCME2_ADV_X1Y2      MMCME2_ADV (Prop_mmcme2_adv_CLKIN1_CLKOUT0)
                                                     -7.070    -4.355 r  clk_inst/inst/mmcm_adv_inst/CLKOUT0
                         net (fo=1, routed)           1.719    -2.636    clk_inst/inst/clk_out1_clk_wiz_0
    BUFGCTRL_X0Y16       BUFG (Prop_bufg_I_O)         0.096    -2.540 r  clk_inst/inst/clkout1_buf/O
                         net (fo=1186, routed)        1.620    -0.920    uart_slave_inst/uart_inst/uart_tx/clk_out1
    SLICE_X35Y74         FDPE                                         r  uart_slave_inst/uart_inst/uart_tx/o_tx_reg/C
  -------------------------------------------------------------------    -------------------
    SLICE_X35Y74         FDPE (Prop_fdpe_C_Q)         0.456    -0.464 r  uart_slave_inst/uart_inst/uart_tx/o_tx_reg/Q
                         net (fo=1, routed)           4.947     4.483    uart_tx_OBUF
    D4                   OBUF (Prop_obuf_I_O)         3.555     8.039 r  uart_tx_OBUF_inst/O
                         net (fo=0)                   0.000     8.039    uart_tx
    D4                                                                r  uart_tx (OUT)
  -------------------------------------------------------------------    -------------------

Slack:                    inf
  Source:                 spi_inst/spi_mosi_reg/C
                            (rising edge-triggered cell FDRE clocked by clk_out1_clk_wiz_0_1  {rise@0.000ns fall@5.000ns period=10.000ns})
  Destination:            acl_mosi
                            (output port)
  Path Group:             (none)
  Path Type:              Max at Slow Process Corner
  Data Path Delay:        7.709ns  (logic 3.998ns (51.864%)  route 3.711ns (48.136%))
  Logic Levels:           1  (OBUF=1)
  Clock Uncertainty:      0.168ns  ((TSJ^2 + DJ^2)^1/2) / 2 + PE
    Total System Jitter     (TSJ):    0.050ns
    Discrete Jitter          (DJ):    0.129ns
    Phase Error              (PE):    0.099ns

    Location             Delay type                Incr(ns)  Path(ns)    Netlist Resource(s)
  -------------------------------------------------------------------    -------------------
                         (clock clk_out1_clk_wiz_0_1 rise edge)
                                                      0.000     0.000 r  
    E3                                                0.000     0.000 r  CLK100MHZ (IN)
                         net (fo=0)                   0.000     0.000    clk_inst/inst/clk_in1
    E3                   IBUF (Prop_ibuf_I_O)         1.482     1.482 r  clk_inst/inst/clkin1_ibufg/O
                         net (fo=1, routed)           1.233     2.715    clk_inst/inst/clk_in1_clk_wiz_0
    MMCME2_ADV_X1Y2      MMCME2_ADV (Prop_mmcme2_adv_CLKIN1_CLKOUT0)
                                                     -7.070    -4.355 r  clk_inst/inst/mmcm_adv_inst/CLKOUT0
                         net (fo=1, routed)           1.719    -2.636    clk_inst/inst/clk_out1_clk_wiz_0
    BUFGCTRL_X0Y16       BUFG (Prop_bufg_I_O)         0.096    -2.540 r  clk_inst/inst/clkout1_buf/O
                         net (fo=1186, routed)        1.707    -0.833    spi_inst/clk_out1
    SLICE_X1Y76          FDRE                                         r  spi_inst/spi_mosi_reg/C
  -------------------------------------------------------------------    -------------------
    SLICE_X1Y76          FDRE (Prop_fdre_C_Q)         0.456    -0.377 r  spi_inst/spi_mosi_reg/Q
                         net (fo=1, routed)           3.711     3.334    acl_mosi_OBUF
    F14                  OBUF (Prop_obuf_I_O)         3.542     6.876 r  acl_mosi_OBUF_inst/O
                         net (fo=0)                   0.000     6.876    acl_mosi
    F14                                                               r  acl_mosi (OUT)
  -------------------------------------------------------------------    -------------------

Slack:                    inf
  Source:                 spi_inst/spi_sclk_reg/C
                            (rising edge-triggered cell FDRE clocked by clk_out1_clk_wiz_0_1  {rise@0.000ns fall@5.000ns period=10.000ns})
  Destination:            acl_sclk
                            (output port)
  Path Group:             (none)
  Path Type:              Max at Slow Process Corner
  Data Path Delay:        7.294ns  (logic 3.984ns (54.619%)  route 3.310ns (45.381%))
  Logic Levels:           1  (OBUF=1)
  Clock Uncertainty:      0.168ns  ((TSJ^2 + DJ^2)^1/2) / 2 + PE
    Total System Jitter     (TSJ):    0.050ns
    Discrete Jitter          (DJ):    0.129ns
    Phase Error              (PE):    0.099ns

    Location             Delay type                Incr(ns)  Path(ns)    Netlist Resource(s)
  -------------------------------------------------------------------    -------------------
                         (clock clk_out1_clk_wiz_0_1 rise edge)
                                                      0.000     0.000 r  
    E3                                                0.000     0.000 r  CLK100MHZ (IN)
                         net (fo=0)                   0.000     0.000    clk_inst/inst/clk_in1
    E3                   IBUF (Prop_ibuf_I_O)         1.482     1.482 r  clk_inst/inst/clkin1_ibufg/O
                         net (fo=1, routed)           1.233     2.715    clk_inst/inst/clk_in1_clk_wiz_0
    MMCME2_ADV_X1Y2      MMCME2_ADV (Prop_mmcme2_adv_CLKIN1_CLKOUT0)
                                                     -7.070    -4.355 r  clk_inst/inst/mmcm_adv_inst/CLKOUT0
                         net (fo=1, routed)           1.719    -2.636    clk_inst/inst/clk_out1_clk_wiz_0
    BUFGCTRL_X0Y16       BUFG (Prop_bufg_I_O)         0.096    -2.540 r  clk_inst/inst/clkout1_buf/O
                         net (fo=1186, routed)        1.707    -0.833    spi_inst/clk_out1
    SLICE_X0Y76          FDRE                                         r  spi_inst/spi_sclk_reg/C
  -------------------------------------------------------------------    -------------------
    SLICE_X0Y76          FDRE (Prop_fdre_C_Q)         0.456    -0.377 r  spi_inst/spi_sclk_reg/Q
                         net (fo=11, routed)          3.310     2.933    acl_sclk_OBUF
    F15                  OBUF (Prop_obuf_I_O)         3.528     6.461 r  acl_sclk_OBUF_inst/O
                         net (fo=0)                   0.000     6.461    acl_sclk
    F15                                                               r  acl_sclk (OUT)
  -------------------------------------------------------------------    -------------------

Slack:                    inf
  Source:                 gpio_slave_inst/gpio_reg_reg[0]_lopt_replica/C
                            (rising edge-triggered cell FDCE clocked by clk_out1_clk_wiz_0_1  {rise@0.000ns fall@5.000ns period=10.000ns})
  Destination:            leds[0]
                            (output port)
  Path Group:             (none)
  Path Type:              Max at Slow Process Corner
  Data Path Delay:        7.079ns  (logic 4.038ns (57.049%)  route 3.040ns (42.951%))
  Logic Levels:           1  (OBUF=1)
  Clock Uncertainty:      0.168ns  ((TSJ^2 + DJ^2)^1/2) / 2 + PE
    Total System Jitter     (TSJ):    0.050ns
    Discrete Jitter          (DJ):    0.129ns
    Phase Error              (PE):    0.099ns

    Location             Delay type                Incr(ns)  Path(ns)    Netlist Resource(s)
  -------------------------------------------------------------------    -------------------
                         (clock clk_out1_clk_wiz_0_1 rise edge)
                                                      0.000     0.000 r  
    E3                                                0.000     0.000 r  CLK100MHZ (IN)
                         net (fo=0)                   0.000     0.000    clk_inst/inst/clk_in1
    E3                   IBUF (Prop_ibuf_I_O)         1.482     1.482 r  clk_inst/inst/clkin1_ibufg/O
                         net (fo=1, routed)           1.233     2.715    clk_inst/inst/clk_in1_clk_wiz_0
    MMCME2_ADV_X1Y2      MMCME2_ADV (Prop_mmcme2_adv_CLKIN1_CLKOUT0)
                                                     -7.070    -4.355 r  clk_inst/inst/mmcm_adv_inst/CLKOUT0
                         net (fo=1, routed)           1.719    -2.636    clk_inst/inst/clk_out1_clk_wiz_0
    BUFGCTRL_X0Y16       BUFG (Prop_bufg_I_O)         0.096    -2.540 r  clk_inst/inst/clkout1_buf/O
                         net (fo=1186, routed)        1.626    -0.914    gpio_slave_inst/clk_out1
    SLICE_X8Y75          FDCE                                         r  gpio_slave_inst/gpio_reg_reg[0]_lopt_replica/C
  -------------------------------------------------------------------    -------------------
    SLICE_X8Y75          FDCE (Prop_fdce_C_Q)         0.518    -0.396 r  gpio_slave_inst/gpio_reg_reg[0]_lopt_replica/Q
                         net (fo=1, routed)           3.040     2.645    lopt
    H17                  OBUF (Prop_obuf_I_O)         3.520     6.165 r  leds_OBUF[0]_inst/O
                         net (fo=0)                   0.000     6.165    leds[0]
    H17                                                               r  leds[0] (OUT)
  -------------------------------------------------------------------    -------------------

Slack:                    inf
  Source:                 spi_inst/spi_cs_n_reg/C
                            (rising edge-triggered cell FDSE clocked by clk_out1_clk_wiz_0_1  {rise@0.000ns fall@5.000ns period=10.000ns})
  Destination:            acl_csn
                            (output port)
  Path Group:             (none)
  Path Type:              Max at Slow Process Corner
  Data Path Delay:        6.860ns  (logic 4.056ns (59.130%)  route 2.804ns (40.870%))
  Logic Levels:           1  (OBUF=1)
  Clock Uncertainty:      0.168ns  ((TSJ^2 + DJ^2)^1/2) / 2 + PE
    Total System Jitter     (TSJ):    0.050ns
    Discrete Jitter          (DJ):    0.129ns
    Phase Error              (PE):    0.099ns

    Location             Delay type                Incr(ns)  Path(ns)    Netlist Resource(s)
  -------------------------------------------------------------------    -------------------
                         (clock clk_out1_clk_wiz_0_1 rise edge)
                                                      0.000     0.000 r  
    E3                                                0.000     0.000 r  CLK100MHZ (IN)
                         net (fo=0)                   0.000     0.000    clk_inst/inst/clk_in1
    E3                   IBUF (Prop_ibuf_I_O)         1.482     1.482 r  clk_inst/inst/clkin1_ibufg/O
                         net (fo=1, routed)           1.233     2.715    clk_inst/inst/clk_in1_clk_wiz_0
    MMCME2_ADV_X1Y2      MMCME2_ADV (Prop_mmcme2_adv_CLKIN1_CLKOUT0)
                                                     -7.070    -4.355 r  clk_inst/inst/mmcm_adv_inst/CLKOUT0
                         net (fo=1, routed)           1.719    -2.636    clk_inst/inst/clk_out1_clk_wiz_0
    BUFGCTRL_X0Y16       BUFG (Prop_bufg_I_O)         0.096    -2.540 r  clk_inst/inst/clkout1_buf/O
                         net (fo=1186, routed)        1.711    -0.829    spi_inst/clk_out1
    SLICE_X2Y78          FDSE                                         r  spi_inst/spi_cs_n_reg/C
  -------------------------------------------------------------------    -------------------
    SLICE_X2Y78          FDSE (Prop_fdse_C_Q)         0.518    -0.311 r  spi_inst/spi_cs_n_reg/Q
                         net (fo=1, routed)           2.804     2.493    acl_csn_OBUF
    D15                  OBUF (Prop_obuf_I_O)         3.538     6.031 r  acl_csn_OBUF_inst/O
                         net (fo=0)                   0.000     6.031    acl_csn
    D15                                                               r  acl_csn (OUT)
  -------------------------------------------------------------------    -------------------

Slack:                    inf
  Source:                 gpio_slave_inst/gpio_reg_reg[2]_lopt_replica/C
                            (rising edge-triggered cell FDCE clocked by clk_out1_clk_wiz_0_1  {rise@0.000ns fall@5.000ns period=10.000ns})
  Destination:            leds[2]
                            (output port)
  Path Group:             (none)
  Path Type:              Max at Slow Process Corner
  Data Path Delay:        6.935ns  (logic 4.071ns (58.699%)  route 2.864ns (41.301%))
  Logic Levels:           1  (OBUF=1)
  Clock Uncertainty:      0.168ns  ((TSJ^2 + DJ^2)^1/2) / 2 + PE
    Total System Jitter     (TSJ):    0.050ns
    Discrete Jitter          (DJ):    0.129ns
    Phase Error              (PE):    0.099ns

    Location             Delay type                Incr(ns)  Path(ns)    Netlist Resource(s)
  -------------------------------------------------------------------    -------------------
                         (clock clk_out1_clk_wiz_0_1 rise edge)
                                                      0.000     0.000 r  
    E3                                                0.000     0.000 r  CLK100MHZ (IN)
                         net (fo=0)                   0.000     0.000    clk_inst/inst/clk_in1
    E3                   IBUF (Prop_ibuf_I_O)         1.482     1.482 r  clk_inst/inst/clkin1_ibufg/O
                         net (fo=1, routed)           1.233     2.715    clk_inst/inst/clk_in1_clk_wiz_0
    MMCME2_ADV_X1Y2      MMCME2_ADV (Prop_mmcme2_adv_CLKIN1_CLKOUT0)
                                                     -7.070    -4.355 r  clk_inst/inst/mmcm_adv_inst/CLKOUT0
                         net (fo=1, routed)           1.719    -2.636    clk_inst/inst/clk_out1_clk_wiz_0
    BUFGCTRL_X0Y16       BUFG (Prop_bufg_I_O)         0.096    -2.540 r  clk_inst/inst/clkout1_buf/O
                         net (fo=1186, routed)        1.626    -0.914    gpio_slave_inst/clk_out1
    SLICE_X8Y74          FDCE                                         r  gpio_slave_inst/gpio_reg_reg[2]_lopt_replica/C
  -------------------------------------------------------------------    -------------------
    SLICE_X8Y74          FDCE (Prop_fdce_C_Q)         0.518    -0.396 r  gpio_slave_inst/gpio_reg_reg[2]_lopt_replica/Q
                         net (fo=1, routed)           2.864     2.468    lopt_8
    J13                  OBUF (Prop_obuf_I_O)         3.553     6.021 r  leds_OBUF[2]_inst/O
                         net (fo=0)                   0.000     6.021    leds[2]
    J13                                                               r  leds[2] (OUT)
  -------------------------------------------------------------------    -------------------

Slack:                    inf
  Source:                 gpio_slave_inst/gpio_reg_reg[15]_lopt_replica/C
                            (rising edge-triggered cell FDCE clocked by clk_out1_clk_wiz_0_1  {rise@0.000ns fall@5.000ns period=10.000ns})
  Destination:            leds[15]
                            (output port)
  Path Group:             (none)
  Path Type:              Max at Slow Process Corner
  Data Path Delay:        6.823ns  (logic 4.160ns (60.972%)  route 2.663ns (39.028%))
  Logic Levels:           1  (OBUF=1)
  Clock Uncertainty:      0.168ns  ((TSJ^2 + DJ^2)^1/2) / 2 + PE
    Total System Jitter     (TSJ):    0.050ns
    Discrete Jitter          (DJ):    0.129ns
    Phase Error              (PE):    0.099ns

    Location             Delay type                Incr(ns)  Path(ns)    Netlist Resource(s)
  -------------------------------------------------------------------    -------------------
                         (clock clk_out1_clk_wiz_0_1 rise edge)
                                                      0.000     0.000 r  
    E3                                                0.000     0.000 r  CLK100MHZ (IN)
                         net (fo=0)                   0.000     0.000    clk_inst/inst/clk_in1
    E3                   IBUF (Prop_ibuf_I_O)         1.482     1.482 r  clk_inst/inst/clkin1_ibufg/O
                         net (fo=1, routed)           1.233     2.715    clk_inst/inst/clk_in1_clk_wiz_0
    MMCME2_ADV_X1Y2      MMCME2_ADV (Prop_mmcme2_adv_CLKIN1_CLKOUT0)
                                                     -7.070    -4.355 r  clk_inst/inst/mmcm_adv_inst/CLKOUT0
                         net (fo=1, routed)           1.719    -2.636    clk_inst/inst/clk_out1_clk_wiz_0
    BUFGCTRL_X0Y16       BUFG (Prop_bufg_I_O)         0.096    -2.540 r  clk_inst/inst/clkout1_buf/O
                         net (fo=1186, routed)        1.712    -0.828    gpio_slave_inst/clk_out1
    SLICE_X4Y80          FDCE                                         r  gpio_slave_inst/gpio_reg_reg[15]_lopt_replica/C
  -------------------------------------------------------------------    -------------------
    SLICE_X4Y80          FDCE (Prop_fdce_C_Q)         0.419    -0.409 r  gpio_slave_inst/gpio_reg_reg[15]_lopt_replica/Q
                         net (fo=1, routed)           2.663     2.254    lopt_6
    V11                  OBUF (Prop_obuf_I_O)         3.741     5.995 r  leds_OBUF[15]_inst/O
                         net (fo=0)                   0.000     5.995    leds[15]
    V11                                                               r  leds[15] (OUT)
  -------------------------------------------------------------------    -------------------

Slack:                    inf
  Source:                 gpio_slave_inst/gpio_reg_reg[1]_lopt_replica/C
                            (rising edge-triggered cell FDCE clocked by clk_out1_clk_wiz_0_1  {rise@0.000ns fall@5.000ns period=10.000ns})
  Destination:            leds[1]
                            (output port)
  Path Group:             (none)
  Path Type:              Max at Slow Process Corner
  Data Path Delay:        6.805ns  (logic 4.053ns (59.567%)  route 2.751ns (40.433%))
  Logic Levels:           1  (OBUF=1)
  Clock Uncertainty:      0.168ns  ((TSJ^2 + DJ^2)^1/2) / 2 + PE
    Total System Jitter     (TSJ):    0.050ns
    Discrete Jitter          (DJ):    0.129ns
    Phase Error              (PE):    0.099ns

    Location             Delay type                Incr(ns)  Path(ns)    Netlist Resource(s)
  -------------------------------------------------------------------    -------------------
                         (clock clk_out1_clk_wiz_0_1 rise edge)
                                                      0.000     0.000 r  
    E3                                                0.000     0.000 r  CLK100MHZ (IN)
                         net (fo=0)                   0.000     0.000    clk_inst/inst/clk_in1
    E3                   IBUF (Prop_ibuf_I_O)         1.482     1.482 r  clk_inst/inst/clkin1_ibufg/O
                         net (fo=1, routed)           1.233     2.715    clk_inst/inst/clk_in1_clk_wiz_0
    MMCME2_ADV_X1Y2      MMCME2_ADV (Prop_mmcme2_adv_CLKIN1_CLKOUT0)
                                                     -7.070    -4.355 r  clk_inst/inst/mmcm_adv_inst/CLKOUT0
                         net (fo=1, routed)           1.719    -2.636    clk_inst/inst/clk_out1_clk_wiz_0
    BUFGCTRL_X0Y16       BUFG (Prop_bufg_I_O)         0.096    -2.540 r  clk_inst/inst/clkout1_buf/O
                         net (fo=1186, routed)        1.626    -0.914    gpio_slave_inst/clk_out1
    SLICE_X8Y75          FDCE                                         r  gpio_slave_inst/gpio_reg_reg[1]_lopt_replica/C
  -------------------------------------------------------------------    -------------------
    SLICE_X8Y75          FDCE (Prop_fdce_C_Q)         0.518    -0.396 r  gpio_slave_inst/gpio_reg_reg[1]_lopt_replica/Q
                         net (fo=1, routed)           2.751     2.356    lopt_7
    K15                  OBUF (Prop_obuf_I_O)         3.535     5.891 r  leds_OBUF[1]_inst/O
                         net (fo=0)                   0.000     5.891    leds[1]
    K15                                                               r  leds[1] (OUT)
  -------------------------------------------------------------------    -------------------

Slack:                    inf
  Source:                 gpio_slave_inst/gpio_reg_reg[14]_lopt_replica/C
                            (rising edge-triggered cell FDCE clocked by clk_out1_clk_wiz_0_1  {rise@0.000ns fall@5.000ns period=10.000ns})
  Destination:            leds[14]
                            (output port)
  Path Group:             (none)
  Path Type:              Max at Slow Process Corner
  Data Path Delay:        6.550ns  (logic 4.026ns (61.466%)  route 2.524ns (38.534%))
  Logic Levels:           1  (OBUF=1)
  Clock Uncertainty:      0.168ns  ((TSJ^2 + DJ^2)^1/2) / 2 + PE
    Total System Jitter     (TSJ):    0.050ns
    Discrete Jitter          (DJ):    0.129ns
    Phase Error              (PE):    0.099ns

    Location             Delay type                Incr(ns)  Path(ns)    Netlist Resource(s)
  -------------------------------------------------------------------    -------------------
                         (clock clk_out1_clk_wiz_0_1 rise edge)
                                                      0.000     0.000 r  
    E3                                                0.000     0.000 r  CLK100MHZ (IN)
                         net (fo=0)                   0.000     0.000    clk_inst/inst/clk_in1
    E3                   IBUF (Prop_ibuf_I_O)         1.482     1.482 r  clk_inst/inst/clkin1_ibufg/O
                         net (fo=1, routed)           1.233     2.715    clk_inst/inst/clk_in1_clk_wiz_0
    MMCME2_ADV_X1Y2      MMCME2_ADV (Prop_mmcme2_adv_CLKIN1_CLKOUT0)
                                                     -7.070    -4.355 r  clk_inst/inst/mmcm_adv_inst/CLKOUT0
                         net (fo=1, routed)           1.719    -2.636    clk_inst/inst/clk_out1_clk_wiz_0
    BUFGCTRL_X0Y16       BUFG (Prop_bufg_I_O)         0.096    -2.540 r  clk_inst/inst/clkout1_buf/O
                         net (fo=1186, routed)        1.712    -0.828    gpio_slave_inst/clk_out1
    SLICE_X4Y80          FDCE                                         r  gpio_slave_inst/gpio_reg_reg[14]_lopt_replica/C
  -------------------------------------------------------------------    -------------------
    SLICE_X4Y80          FDCE (Prop_fdce_C_Q)         0.456    -0.372 r  gpio_slave_inst/gpio_reg_reg[14]_lopt_replica/Q
                         net (fo=1, routed)           2.524     2.152    lopt_5
    V12                  OBUF (Prop_obuf_I_O)         3.570     5.723 r  leds_OBUF[14]_inst/O
                         net (fo=0)                   0.000     5.723    leds[14]
    V12                                                               r  leds[14] (OUT)
  -------------------------------------------------------------------    -------------------

Slack:                    inf
  Source:                 gpio_slave_inst/gpio_reg_reg[4]_lopt_replica/C
                            (rising edge-triggered cell FDCE clocked by clk_out1_clk_wiz_0_1  {rise@0.000ns fall@5.000ns period=10.000ns})
  Destination:            leds[4]
                            (output port)
  Path Group:             (none)
  Path Type:              Max at Slow Process Corner
  Data Path Delay:        6.409ns  (logic 4.201ns (65.547%)  route 2.208ns (34.453%))
  Logic Levels:           1  (OBUF=1)
  Clock Uncertainty:      0.168ns  ((TSJ^2 + DJ^2)^1/2) / 2 + PE
    Total System Jitter     (TSJ):    0.050ns
    Discrete Jitter          (DJ):    0.129ns
    Phase Error              (PE):    0.099ns

    Location             Delay type                Incr(ns)  Path(ns)    Netlist Resource(s)
  -------------------------------------------------------------------    -------------------
                         (clock clk_out1_clk_wiz_0_1 rise edge)
                                                      0.000     0.000 r  
    E3                                                0.000     0.000 r  CLK100MHZ (IN)
                         net (fo=0)                   0.000     0.000    clk_inst/inst/clk_in1
    E3                   IBUF (Prop_ibuf_I_O)         1.482     1.482 r  clk_inst/inst/clkin1_ibufg/O
                         net (fo=1, routed)           1.233     2.715    clk_inst/inst/clk_in1_clk_wiz_0
    MMCME2_ADV_X1Y2      MMCME2_ADV (Prop_mmcme2_adv_CLKIN1_CLKOUT0)
                                                     -7.070    -4.355 r  clk_inst/inst/mmcm_adv_inst/CLKOUT0
                         net (fo=1, routed)           1.719    -2.636    clk_inst/inst/clk_out1_clk_wiz_0
    BUFGCTRL_X0Y16       BUFG (Prop_bufg_I_O)         0.096    -2.540 r  clk_inst/inst/clkout1_buf/O
                         net (fo=1186, routed)        1.626    -0.914    gpio_slave_inst/clk_out1
    SLICE_X8Y75          FDCE                                         r  gpio_slave_inst/gpio_reg_reg[4]_lopt_replica/C
  -------------------------------------------------------------------    -------------------
    SLICE_X8Y75          FDCE (Prop_fdce_C_Q)         0.478    -0.436 r  gpio_slave_inst/gpio_reg_reg[4]_lopt_replica/Q
                         net (fo=1, routed)           2.208     1.772    lopt_10
    R18                  OBUF (Prop_obuf_I_O)         3.723     5.495 r  leds_OBUF[4]_inst/O
                         net (fo=0)                   0.000     5.495    leds[4]
    R18                                                               r  leds[4] (OUT)
  -------------------------------------------------------------------    -------------------





Min Delay Paths
--------------------------------------------------------------------------------------
Slack:                    inf
  Source:                 gpio_slave_inst/gpio_reg_reg[11]_lopt_replica/C
                            (rising edge-triggered cell FDCE clocked by clk_out1_clk_wiz_0_1  {rise@0.000ns fall@5.000ns period=10.000ns})
  Destination:            leds[11]
                            (output port)
  Path Group:             (none)
  Path Type:              Min at Fast Process Corner
  Data Path Delay:        1.698ns  (logic 1.373ns (80.862%)  route 0.325ns (19.138%))
  Logic Levels:           1  (OBUF=1)
  Clock Uncertainty:      0.168ns  ((TSJ^2 + DJ^2)^1/2) / 2 + PE
    Total System Jitter     (TSJ):    0.050ns
    Discrete Jitter          (DJ):    0.129ns
    Phase Error              (PE):    0.099ns

    Location             Delay type                Incr(ns)  Path(ns)    Netlist Resource(s)
  -------------------------------------------------------------------    -------------------
                         (clock clk_out1_clk_wiz_0_1 rise edge)
                                                      0.000     0.000 r  
    E3                                                0.000     0.000 r  CLK100MHZ (IN)
                         net (fo=0)                   0.000     0.000    clk_inst/inst/clk_in1
    E3                   IBUF (Prop_ibuf_I_O)         0.250     0.250 r  clk_inst/inst/clkin1_ibufg/O
                         net (fo=1, routed)           0.440     0.690    clk_inst/inst/clk_in1_clk_wiz_0
    MMCME2_ADV_X1Y2      MMCME2_ADV (Prop_mmcme2_adv_CLKIN1_CLKOUT0)
                                                     -2.379    -1.689 r  clk_inst/inst/mmcm_adv_inst/CLKOUT0
                         net (fo=1, routed)           0.499    -1.190    clk_inst/inst/clk_out1_clk_wiz_0
    BUFGCTRL_X0Y16       BUFG (Prop_bufg_I_O)         0.026    -1.164 r  clk_inst/inst/clkout1_buf/O
                         net (fo=1186, routed)        0.595    -0.569    gpio_slave_inst/clk_out1
    SLICE_X1Y70          FDCE                                         r  gpio_slave_inst/gpio_reg_reg[11]_lopt_replica/C
  -------------------------------------------------------------------    -------------------
    SLICE_X1Y70          FDCE (Prop_fdce_C_Q)         0.141    -0.428 r  gpio_slave_inst/gpio_reg_reg[11]_lopt_replica/Q
                         net (fo=1, routed)           0.325    -0.103    lopt_2
    T16                  OBUF (Prop_obuf_I_O)         1.232     1.129 r  leds_OBUF[11]_inst/O
                         net (fo=0)                   0.000     1.129    leds[11]
    T16                                                               r  leds[11] (OUT)
  -------------------------------------------------------------------    -------------------

Slack:                    inf
  Source:                 gpio_slave_inst/gpio_reg_reg[12]_lopt_replica/C
                            (rising edge-triggered cell FDCE clocked by clk_out1_clk_wiz_0_1  {rise@0.000ns fall@5.000ns period=10.000ns})
  Destination:            leds[12]
                            (output port)
  Path Group:             (none)
  Path Type:              Min at Fast Process Corner
  Data Path Delay:        1.791ns  (logic 1.393ns (77.788%)  route 0.398ns (22.212%))
  Logic Levels:           1  (OBUF=1)
  Clock Uncertainty:      0.168ns  ((TSJ^2 + DJ^2)^1/2) / 2 + PE
    Total System Jitter     (TSJ):    0.050ns
    Discrete Jitter          (DJ):    0.129ns
    Phase Error              (PE):    0.099ns

    Location             Delay type                Incr(ns)  Path(ns)    Netlist Resource(s)
  -------------------------------------------------------------------    -------------------
                         (clock clk_out1_clk_wiz_0_1 rise edge)
                                                      0.000     0.000 r  
    E3                                                0.000     0.000 r  CLK100MHZ (IN)
                         net (fo=0)                   0.000     0.000    clk_inst/inst/clk_in1
    E3                   IBUF (Prop_ibuf_I_O)         0.250     0.250 r  clk_inst/inst/clkin1_ibufg/O
                         net (fo=1, routed)           0.440     0.690    clk_inst/inst/clk_in1_clk_wiz_0
    MMCME2_ADV_X1Y2      MMCME2_ADV (Prop_mmcme2_adv_CLKIN1_CLKOUT0)
                                                     -2.379    -1.689 r  clk_inst/inst/mmcm_adv_inst/CLKOUT0
                         net (fo=1, routed)           0.499    -1.190    clk_inst/inst/clk_out1_clk_wiz_0
    BUFGCTRL_X0Y16       BUFG (Prop_bufg_I_O)         0.026    -1.164 r  clk_inst/inst/clkout1_buf/O
                         net (fo=1186, routed)        0.595    -0.569    gpio_slave_inst/clk_out1
    SLICE_X1Y70          FDCE                                         r  gpio_slave_inst/gpio_reg_reg[12]_lopt_replica/C
  -------------------------------------------------------------------    -------------------
    SLICE_X1Y70          FDCE (Prop_fdce_C_Q)         0.141    -0.428 r  gpio_slave_inst/gpio_reg_reg[12]_lopt_replica/Q
                         net (fo=1, routed)           0.398    -0.030    lopt_3
    V15                  OBUF (Prop_obuf_I_O)         1.252     1.222 r  leds_OBUF[12]_inst/O
                         net (fo=0)                   0.000     1.222    leds[12]
    V15                                                               r  leds[12] (OUT)
  -------------------------------------------------------------------    -------------------

Slack:                    inf
  Source:                 gpio_slave_inst/gpio_reg_reg[9]_lopt_replica/C
                            (rising edge-triggered cell FDCE clocked by clk_out1_clk_wiz_0_1  {rise@0.000ns fall@5.000ns period=10.000ns})
  Destination:            leds[9]
                            (output port)
  Path Group:             (none)
  Path Type:              Min at Fast Process Corner
  Data Path Delay:        1.797ns  (logic 1.396ns (77.679%)  route 0.401ns (22.321%))
  Logic Levels:           1  (OBUF=1)
  Clock Uncertainty:      0.168ns  ((TSJ^2 + DJ^2)^1/2) / 2 + PE
    Total System Jitter     (TSJ):    0.050ns
    Discrete Jitter          (DJ):    0.129ns
    Phase Error              (PE):    0.099ns

    Location             Delay type                Incr(ns)  Path(ns)    Netlist Resource(s)
  -------------------------------------------------------------------    -------------------
                         (clock clk_out1_clk_wiz_0_1 rise edge)
                                                      0.000     0.000 r  
    E3                                                0.000     0.000 r  CLK100MHZ (IN)
                         net (fo=0)                   0.000     0.000    clk_inst/inst/clk_in1
    E3                   IBUF (Prop_ibuf_I_O)         0.250     0.250 r  clk_inst/inst/clkin1_ibufg/O
                         net (fo=1, routed)           0.440     0.690    clk_inst/inst/clk_in1_clk_wiz_0
    MMCME2_ADV_X1Y2      MMCME2_ADV (Prop_mmcme2_adv_CLKIN1_CLKOUT0)
                                                     -2.379    -1.689 r  clk_inst/inst/mmcm_adv_inst/CLKOUT0
                         net (fo=1, routed)           0.499    -1.190    clk_inst/inst/clk_out1_clk_wiz_0
    BUFGCTRL_X0Y16       BUFG (Prop_bufg_I_O)         0.026    -1.164 r  clk_inst/inst/clkout1_buf/O
                         net (fo=1186, routed)        0.590    -0.574    gpio_slave_inst/clk_out1
    SLICE_X5Y74          FDCE                                         r  gpio_slave_inst/gpio_reg_reg[9]_lopt_replica/C
  -------------------------------------------------------------------    -------------------
    SLICE_X5Y74          FDCE (Prop_fdce_C_Q)         0.141    -0.433 r  gpio_slave_inst/gpio_reg_reg[9]_lopt_replica/Q
                         net (fo=1, routed)           0.401    -0.032    lopt_15
    T15                  OBUF (Prop_obuf_I_O)         1.255     1.223 r  leds_OBUF[9]_inst/O
                         net (fo=0)                   0.000     1.223    leds[9]
    T15                                                               r  leds[9] (OUT)
  -------------------------------------------------------------------    -------------------

Slack:                    inf
  Source:                 gpio_slave_inst/gpio_reg_reg[8]_lopt_replica/C
                            (rising edge-triggered cell FDCE clocked by clk_out1_clk_wiz_0_1  {rise@0.000ns fall@5.000ns period=10.000ns})
  Destination:            leds[8]
                            (output port)
  Path Group:             (none)
  Path Type:              Min at Fast Process Corner
  Data Path Delay:        1.806ns  (logic 1.389ns (76.941%)  route 0.416ns (23.059%))
  Logic Levels:           1  (OBUF=1)
  Clock Uncertainty:      0.168ns  ((TSJ^2 + DJ^2)^1/2) / 2 + PE
    Total System Jitter     (TSJ):    0.050ns
    Discrete Jitter          (DJ):    0.129ns
    Phase Error              (PE):    0.099ns

    Location             Delay type                Incr(ns)  Path(ns)    Netlist Resource(s)
  -------------------------------------------------------------------    -------------------
                         (clock clk_out1_clk_wiz_0_1 rise edge)
                                                      0.000     0.000 r  
    E3                                                0.000     0.000 r  CLK100MHZ (IN)
                         net (fo=0)                   0.000     0.000    clk_inst/inst/clk_in1
    E3                   IBUF (Prop_ibuf_I_O)         0.250     0.250 r  clk_inst/inst/clkin1_ibufg/O
                         net (fo=1, routed)           0.440     0.690    clk_inst/inst/clk_in1_clk_wiz_0
    MMCME2_ADV_X1Y2      MMCME2_ADV (Prop_mmcme2_adv_CLKIN1_CLKOUT0)
                                                     -2.379    -1.689 r  clk_inst/inst/mmcm_adv_inst/CLKOUT0
                         net (fo=1, routed)           0.499    -1.190    clk_inst/inst/clk_out1_clk_wiz_0
    BUFGCTRL_X0Y16       BUFG (Prop_bufg_I_O)         0.026    -1.164 r  clk_inst/inst/clkout1_buf/O
                         net (fo=1186, routed)        0.590    -0.574    gpio_slave_inst/clk_out1
    SLICE_X5Y74          FDCE                                         r  gpio_slave_inst/gpio_reg_reg[8]_lopt_replica/C
  -------------------------------------------------------------------    -------------------
    SLICE_X5Y74          FDCE (Prop_fdce_C_Q)         0.141    -0.433 r  gpio_slave_inst/gpio_reg_reg[8]_lopt_replica/Q
                         net (fo=1, routed)           0.416    -0.017    lopt_14
    V16                  OBUF (Prop_obuf_I_O)         1.248     1.231 r  leds_OBUF[8]_inst/O
                         net (fo=0)                   0.000     1.231    leds[8]
    V16                                                               r  leds[8] (OUT)
  -------------------------------------------------------------------    -------------------

Slack:                    inf
  Source:                 gpio_slave_inst/gpio_reg_reg[6]_lopt_replica/C
                            (rising edge-triggered cell FDCE clocked by clk_out1_clk_wiz_0_1  {rise@0.000ns fall@5.000ns period=10.000ns})
  Destination:            leds[6]
                            (output port)
  Path Group:             (none)
  Path Type:              Min at Fast Process Corner
  Data Path Delay:        1.924ns  (logic 1.420ns (73.771%)  route 0.505ns (26.229%))
  Logic Levels:           1  (OBUF=1)
  Clock Uncertainty:      0.168ns  ((TSJ^2 + DJ^2)^1/2) / 2 + PE
    Total System Jitter     (TSJ):    0.050ns
    Discrete Jitter          (DJ):    0.129ns
    Phase Error              (PE):    0.099ns

    Location             Delay type                Incr(ns)  Path(ns)    Netlist Resource(s)
  -------------------------------------------------------------------    -------------------
                         (clock clk_out1_clk_wiz_0_1 rise edge)
                                                      0.000     0.000 r  
    E3                                                0.000     0.000 r  CLK100MHZ (IN)
                         net (fo=0)                   0.000     0.000    clk_inst/inst/clk_in1
    E3                   IBUF (Prop_ibuf_I_O)         0.250     0.250 r  clk_inst/inst/clkin1_ibufg/O
                         net (fo=1, routed)           0.440     0.690    clk_inst/inst/clk_in1_clk_wiz_0
    MMCME2_ADV_X1Y2      MMCME2_ADV (Prop_mmcme2_adv_CLKIN1_CLKOUT0)
                                                     -2.379    -1.689 r  clk_inst/inst/mmcm_adv_inst/CLKOUT0
                         net (fo=1, routed)           0.499    -1.190    clk_inst/inst/clk_out1_clk_wiz_0
    BUFGCTRL_X0Y16       BUFG (Prop_bufg_I_O)         0.026    -1.164 r  clk_inst/inst/clkout1_buf/O
                         net (fo=1186, routed)        0.565    -0.599    gpio_slave_inst/clk_out1
    SLICE_X8Y71          FDCE                                         r  gpio_slave_inst/gpio_reg_reg[6]_lopt_replica/C
  -------------------------------------------------------------------    -------------------
    SLICE_X8Y71          FDCE (Prop_fdce_C_Q)         0.164    -0.435 r  gpio_slave_inst/gpio_reg_reg[6]_lopt_replica/Q
                         net (fo=1, routed)           0.505     0.069    lopt_12
    U17                  OBUF (Prop_obuf_I_O)         1.256     1.325 r  leds_OBUF[6]_inst/O
                         net (fo=0)                   0.000     1.325    leds[6]
    U17                                                               r  leds[6] (OUT)
  -------------------------------------------------------------------    -------------------

Slack:                    inf
  Source:                 gpio_slave_inst/gpio_reg_reg[10]_lopt_replica/C
                            (rising edge-triggered cell FDCE clocked by clk_out1_clk_wiz_0_1  {rise@0.000ns fall@5.000ns period=10.000ns})
  Destination:            leds[10]
                            (output port)
  Path Group:             (none)
  Path Type:              Min at Fast Process Corner
  Data Path Delay:        1.904ns  (logic 1.394ns (73.231%)  route 0.510ns (26.769%))
  Logic Levels:           1  (OBUF=1)
  Clock Uncertainty:      0.168ns  ((TSJ^2 + DJ^2)^1/2) / 2 + PE
    Total System Jitter     (TSJ):    0.050ns
    Discrete Jitter          (DJ):    0.129ns
    Phase Error              (PE):    0.099ns

    Location             Delay type                Incr(ns)  Path(ns)    Netlist Resource(s)
  -------------------------------------------------------------------    -------------------
                         (clock clk_out1_clk_wiz_0_1 rise edge)
                                                      0.000     0.000 r  
    E3                                                0.000     0.000 r  CLK100MHZ (IN)
                         net (fo=0)                   0.000     0.000    clk_inst/inst/clk_in1
    E3                   IBUF (Prop_ibuf_I_O)         0.250     0.250 r  clk_inst/inst/clkin1_ibufg/O
                         net (fo=1, routed)           0.440     0.690    clk_inst/inst/clk_in1_clk_wiz_0
    MMCME2_ADV_X1Y2      MMCME2_ADV (Prop_mmcme2_adv_CLKIN1_CLKOUT0)
                                                     -2.379    -1.689 r  clk_inst/inst/mmcm_adv_inst/CLKOUT0
                         net (fo=1, routed)           0.499    -1.190    clk_inst/inst/clk_out1_clk_wiz_0
    BUFGCTRL_X0Y16       BUFG (Prop_bufg_I_O)         0.026    -1.164 r  clk_inst/inst/clkout1_buf/O
                         net (fo=1186, routed)        0.595    -0.569    gpio_slave_inst/clk_out1
    SLICE_X1Y70          FDCE                                         r  gpio_slave_inst/gpio_reg_reg[10]_lopt_replica/C
  -------------------------------------------------------------------    -------------------
    SLICE_X1Y70          FDCE (Prop_fdce_C_Q)         0.141    -0.428 r  gpio_slave_inst/gpio_reg_reg[10]_lopt_replica/Q
                         net (fo=1, routed)           0.510     0.081    lopt_1
    U14                  OBUF (Prop_obuf_I_O)         1.253     1.334 r  leds_OBUF[10]_inst/O
                         net (fo=0)                   0.000     1.334    leds[10]
    U14                                                               r  leds[10] (OUT)
  -------------------------------------------------------------------    -------------------

Slack:                    inf
  Source:                 gpio_slave_inst/gpio_reg_reg[7]_lopt_replica/C
                            (rising edge-triggered cell FDCE clocked by clk_out1_clk_wiz_0_1  {rise@0.000ns fall@5.000ns period=10.000ns})
  Destination:            leds[7]
                            (output port)
  Path Group:             (none)
  Path Type:              Min at Fast Process Corner
  Data Path Delay:        1.982ns  (logic 1.420ns (71.629%)  route 0.562ns (28.371%))
  Logic Levels:           1  (OBUF=1)
  Clock Uncertainty:      0.168ns  ((TSJ^2 + DJ^2)^1/2) / 2 + PE
    Total System Jitter     (TSJ):    0.050ns
    Discrete Jitter          (DJ):    0.129ns
    Phase Error              (PE):    0.099ns

    Location             Delay type                Incr(ns)  Path(ns)    Netlist Resource(s)
  -------------------------------------------------------------------    -------------------
                         (clock clk_out1_clk_wiz_0_1 rise edge)
                                                      0.000     0.000 r  
    E3                                                0.000     0.000 r  CLK100MHZ (IN)
                         net (fo=0)                   0.000     0.000    clk_inst/inst/clk_in1
    E3                   IBUF (Prop_ibuf_I_O)         0.250     0.250 r  clk_inst/inst/clkin1_ibufg/O
                         net (fo=1, routed)           0.440     0.690    clk_inst/inst/clk_in1_clk_wiz_0
    MMCME2_ADV_X1Y2      MMCME2_ADV (Prop_mmcme2_adv_CLKIN1_CLKOUT0)
                                                     -2.379    -1.689 r  clk_inst/inst/mmcm_adv_inst/CLKOUT0
                         net (fo=1, routed)           0.499    -1.190    clk_inst/inst/clk_out1_clk_wiz_0
    BUFGCTRL_X0Y16       BUFG (Prop_bufg_I_O)         0.026    -1.164 r  clk_inst/inst/clkout1_buf/O
                         net (fo=1186, routed)        0.565    -0.599    gpio_slave_inst/clk_out1
    SLICE_X8Y71          FDCE                                         r  gpio_slave_inst/gpio_reg_reg[7]_lopt_replica/C
  -------------------------------------------------------------------    -------------------
    SLICE_X8Y71          FDCE (Prop_fdce_C_Q)         0.164    -0.435 r  gpio_slave_inst/gpio_reg_reg[7]_lopt_replica/Q
                         net (fo=1, routed)           0.562     0.127    lopt_13
    U16                  OBUF (Prop_obuf_I_O)         1.256     1.383 r  leds_OBUF[7]_inst/O
                         net (fo=0)                   0.000     1.383    leds[7]
    U16                                                               r  leds[7] (OUT)
  -------------------------------------------------------------------    -------------------

Slack:                    inf
  Source:                 gpio_slave_inst/gpio_reg_reg[13]_lopt_replica/C
                            (rising edge-triggered cell FDCE clocked by clk_out1_clk_wiz_0_1  {rise@0.000ns fall@5.000ns period=10.000ns})
  Destination:            leds[13]
                            (output port)
  Path Group:             (none)
  Path Type:              Min at Fast Process Corner
  Data Path Delay:        1.979ns  (logic 1.396ns (70.529%)  route 0.583ns (29.471%))
  Logic Levels:           1  (OBUF=1)
  Clock Uncertainty:      0.168ns  ((TSJ^2 + DJ^2)^1/2) / 2 + PE
    Total System Jitter     (TSJ):    0.050ns
    Discrete Jitter          (DJ):    0.129ns
    Phase Error              (PE):    0.099ns

    Location             Delay type                Incr(ns)  Path(ns)    Netlist Resource(s)
  -------------------------------------------------------------------    -------------------
                         (clock clk_out1_clk_wiz_0_1 rise edge)
                                                      0.000     0.000 r  
    E3                                                0.000     0.000 r  CLK100MHZ (IN)
                         net (fo=0)                   0.000     0.000    clk_inst/inst/clk_in1
    E3                   IBUF (Prop_ibuf_I_O)         0.250     0.250 r  clk_inst/inst/clkin1_ibufg/O
                         net (fo=1, routed)           0.440     0.690    clk_inst/inst/clk_in1_clk_wiz_0
    MMCME2_ADV_X1Y2      MMCME2_ADV (Prop_mmcme2_adv_CLKIN1_CLKOUT0)
                                                     -2.379    -1.689 r  clk_inst/inst/mmcm_adv_inst/CLKOUT0
                         net (fo=1, routed)           0.499    -1.190    clk_inst/inst/clk_out1_clk_wiz_0
    BUFGCTRL_X0Y16       BUFG (Prop_bufg_I_O)         0.026    -1.164 r  clk_inst/inst/clkout1_buf/O
                         net (fo=1186, routed)        0.591    -0.573    gpio_slave_inst/clk_out1
    SLICE_X3Y74          FDCE                                         r  gpio_slave_inst/gpio_reg_reg[13]_lopt_replica/C
  -------------------------------------------------------------------    -------------------
    SLICE_X3Y74          FDCE (Prop_fdce_C_Q)         0.141    -0.432 r  gpio_slave_inst/gpio_reg_reg[13]_lopt_replica/Q
                         net (fo=1, routed)           0.583     0.151    lopt_4
    V14                  OBUF (Prop_obuf_I_O)         1.255     1.406 r  leds_OBUF[13]_inst/O
                         net (fo=0)                   0.000     1.406    leds[13]
    V14                                                               r  leds[13] (OUT)
  -------------------------------------------------------------------    -------------------

Slack:                    inf
  Source:                 gpio_slave_inst/gpio_reg_reg[3]_lopt_replica/C
                            (rising edge-triggered cell FDCE clocked by clk_out1_clk_wiz_0_1  {rise@0.000ns fall@5.000ns period=10.000ns})
  Destination:            leds[3]
                            (output port)
  Path Group:             (none)
  Path Type:              Min at Fast Process Corner
  Data Path Delay:        2.056ns  (logic 1.415ns (68.848%)  route 0.640ns (31.152%))
  Logic Levels:           1  (OBUF=1)
  Clock Uncertainty:      0.168ns  ((TSJ^2 + DJ^2)^1/2) / 2 + PE
    Total System Jitter     (TSJ):    0.050ns
    Discrete Jitter          (DJ):    0.129ns
    Phase Error              (PE):    0.099ns

    Location             Delay type                Incr(ns)  Path(ns)    Netlist Resource(s)
  -------------------------------------------------------------------    -------------------
                         (clock clk_out1_clk_wiz_0_1 rise edge)
                                                      0.000     0.000 r  
    E3                                                0.000     0.000 r  CLK100MHZ (IN)
                         net (fo=0)                   0.000     0.000    clk_inst/inst/clk_in1
    E3                   IBUF (Prop_ibuf_I_O)         0.250     0.250 r  clk_inst/inst/clkin1_ibufg/O
                         net (fo=1, routed)           0.440     0.690    clk_inst/inst/clk_in1_clk_wiz_0
    MMCME2_ADV_X1Y2      MMCME2_ADV (Prop_mmcme2_adv_CLKIN1_CLKOUT0)
                                                     -2.379    -1.689 r  clk_inst/inst/mmcm_adv_inst/CLKOUT0
                         net (fo=1, routed)           0.499    -1.190    clk_inst/inst/clk_out1_clk_wiz_0
    BUFGCTRL_X0Y16       BUFG (Prop_bufg_I_O)         0.026    -1.164 r  clk_inst/inst/clkout1_buf/O
                         net (fo=1186, routed)        0.562    -0.602    gpio_slave_inst/clk_out1
    SLICE_X8Y75          FDCE                                         r  gpio_slave_inst/gpio_reg_reg[3]_lopt_replica/C
  -------------------------------------------------------------------    -------------------
    SLICE_X8Y75          FDCE (Prop_fdce_C_Q)         0.164    -0.438 r  gpio_slave_inst/gpio_reg_reg[3]_lopt_replica/Q
                         net (fo=1, routed)           0.640     0.202    lopt_9
    N14                  OBUF (Prop_obuf_I_O)         1.251     1.453 r  leds_OBUF[3]_inst/O
                         net (fo=0)                   0.000     1.453    leds[3]
    N14                                                               r  leds[3] (OUT)
  -------------------------------------------------------------------    -------------------

Slack:                    inf
  Source:                 gpio_slave_inst/gpio_reg_reg[4]_lopt_replica/C
                            (rising edge-triggered cell FDCE clocked by clk_out1_clk_wiz_0_1  {rise@0.000ns fall@5.000ns period=10.000ns})
  Destination:            leds[4]
                            (output port)
  Path Group:             (none)
  Path Type:              Min at Fast Process Corner
  Data Path Delay:        2.064ns  (logic 1.453ns (70.403%)  route 0.611ns (29.597%))
  Logic Levels:           1  (OBUF=1)
  Clock Uncertainty:      0.168ns  ((TSJ^2 + DJ^2)^1/2) / 2 + PE
    Total System Jitter     (TSJ):    0.050ns
    Discrete Jitter          (DJ):    0.129ns
    Phase Error              (PE):    0.099ns

    Location             Delay type                Incr(ns)  Path(ns)    Netlist Resource(s)
  -------------------------------------------------------------------    -------------------
                         (clock clk_out1_clk_wiz_0_1 rise edge)
                                                      0.000     0.000 r  
    E3                                                0.000     0.000 r  CLK100MHZ (IN)
                         net (fo=0)                   0.000     0.000    clk_inst/inst/clk_in1
    E3                   IBUF (Prop_ibuf_I_O)         0.250     0.250 r  clk_inst/inst/clkin1_ibufg/O
                         net (fo=1, routed)           0.440     0.690    clk_inst/inst/clk_in1_clk_wiz_0
    MMCME2_ADV_X1Y2      MMCME2_ADV (Prop_mmcme2_adv_CLKIN1_CLKOUT0)
                                                     -2.379    -1.689 r  clk_inst/inst/mmcm_adv_inst/CLKOUT0
                         net (fo=1, routed)           0.499    -1.190    clk_inst/inst/clk_out1_clk_wiz_0
    BUFGCTRL_X0Y16       BUFG (Prop_bufg_I_O)         0.026    -1.164 r  clk_inst/inst/clkout1_buf/O
                         net (fo=1186, routed)        0.562    -0.602    gpio_slave_inst/clk_out1
    SLICE_X8Y75          FDCE                                         r  gpio_slave_inst/gpio_reg_reg[4]_lopt_replica/C
  -------------------------------------------------------------------    -------------------
    SLICE_X8Y75          FDCE (Prop_fdce_C_Q)         0.148    -0.454 r  gpio_slave_inst/gpio_reg_reg[4]_lopt_replica/Q
                         net (fo=1, routed)           0.611     0.157    lopt_10
    R18                  OBUF (Prop_obuf_I_O)         1.305     1.462 r  leds_OBUF[4]_inst/O
                         net (fo=0)                   0.000     1.462    leds[4]
    R18                                                               r  leds[4] (OUT)
  -------------------------------------------------------------------    -------------------





--------------------------------------------------------------------------------------
Path Group:  (none)
From Clock:  clkfbout_clk_wiz_0_1
  To Clock:  

Max Delay             1 Endpoint
Min Delay             1 Endpoint
--------------------------------------------------------------------------------------


Max Delay Paths
--------------------------------------------------------------------------------------
Slack:                    inf
  Source:                 clk_inst/inst/mmcm_adv_inst/CLKFBOUT
                            (clock source 'clkfbout_clk_wiz_0_1'  {rise@0.000ns fall@5.000ns period=10.000ns})
  Destination:            clk_inst/inst/mmcm_adv_inst/CLKFBIN
  Path Group:             (none)
  Path Type:              Max at Fast Process Corner
  Data Path Delay:        1.396ns  (logic 0.029ns (2.077%)  route 1.367ns (97.923%))
  Logic Levels:           1  (BUFG=1)
  Clock Uncertainty:      0.147ns  ((TSJ^2 + DJ^2)^1/2) / 2 + PE
    Total System Jitter     (TSJ):    0.050ns
    Discrete Jitter          (DJ):    0.083ns
    Phase Error              (PE):    0.099ns

    Location             Delay type                Incr(ns)  Path(ns)    Netlist Resource(s)
  -------------------------------------------------------------------    -------------------
                         (clock clkfbout_clk_wiz_0_1 fall edge)
                                                      5.000     5.000 f  
    E3                                                0.000     5.000 f  CLK100MHZ (IN)
                         net (fo=0)                   0.000     5.000    clk_inst/inst/clk_in1
    E3                   IBUF (Prop_ibuf_I_O)         0.438     5.438 f  clk_inst/inst/clkin1_ibufg/O
                         net (fo=1, routed)           0.480     5.918    clk_inst/inst/clk_in1_clk_wiz_0
  -------------------------------------------------------------------    -------------------
    MMCME2_ADV_X1Y2      MMCME2_ADV (Prop_mmcme2_adv_CLKIN1_CLKFBOUT)
                                                     -3.163     2.755 f  clk_inst/inst/mmcm_adv_inst/CLKFBOUT
                         net (fo=1, routed)           0.544     3.298    clk_inst/inst/clkfbout_clk_wiz_0
    BUFGCTRL_X0Y17       BUFG (Prop_bufg_I_O)         0.029     3.327 f  clk_inst/inst/clkf_buf/O
                         net (fo=1, routed)           0.824     4.151    clk_inst/inst/clkfbout_buf_clk_wiz_0
    MMCME2_ADV_X1Y2      MMCME2_ADV                                   f  clk_inst/inst/mmcm_adv_inst/CLKFBIN
  -------------------------------------------------------------------    -------------------





Min Delay Paths
--------------------------------------------------------------------------------------
Slack:                    inf
  Source:                 clk_inst/inst/mmcm_adv_inst/CLKFBOUT
                            (clock source 'clkfbout_clk_wiz_0_1'  {rise@0.000ns fall@5.000ns period=10.000ns})
  Destination:            clk_inst/inst/mmcm_adv_inst/CLKFBIN
  Path Group:             (none)
  Path Type:              Min at Slow Process Corner
  Data Path Delay:        3.236ns  (logic 0.091ns (2.812%)  route 3.145ns (97.188%))
  Logic Levels:           1  (BUFG=1)
  Clock Uncertainty:      0.147ns  ((TSJ^2 + DJ^2)^1/2) / 2 + PE
    Total System Jitter     (TSJ):    0.050ns
    Discrete Jitter          (DJ):    0.083ns
    Phase Error              (PE):    0.099ns

    Location             Delay type                Incr(ns)  Path(ns)    Netlist Resource(s)
  -------------------------------------------------------------------    -------------------
                         (clock clkfbout_clk_wiz_0_1 rise edge)
                                                      0.000     0.000 r  
    E3                                                0.000     0.000 r  CLK100MHZ (IN)
                         net (fo=0)                   0.000     0.000    clk_inst/inst/clk_in1
    E3                   IBUF (Prop_ibuf_I_O)         1.411     1.411 r  clk_inst/inst/clkin1_ibufg/O
                         net (fo=1, routed)           1.162     2.573    clk_inst/inst/clk_in1_clk_wiz_0
  -------------------------------------------------------------------    -------------------
    MMCME2_ADV_X1Y2      MMCME2_ADV (Prop_mmcme2_adv_CLKIN1_CLKFBOUT)
                                                     -7.324    -4.751 r  clk_inst/inst/mmcm_adv_inst/CLKFBOUT
                         net (fo=1, routed)           1.639    -3.112    clk_inst/inst/clkfbout_clk_wiz_0
    BUFGCTRL_X0Y17       BUFG (Prop_bufg_I_O)         0.091    -3.021 r  clk_inst/inst/clkf_buf/O
                         net (fo=1, routed)           1.506    -1.515    clk_inst/inst/clkfbout_buf_clk_wiz_0
    MMCME2_ADV_X1Y2      MMCME2_ADV                                   r  clk_inst/inst/mmcm_adv_inst/CLKFBIN
  -------------------------------------------------------------------    -------------------





--------------------------------------------------------------------------------------
Path Group:  (none)
From Clock:  
  To Clock:  clk_out1_clk_wiz_0_1

Max Delay          1064 Endpoints
Min Delay          1064 Endpoints
--------------------------------------------------------------------------------------


Max Delay Paths
--------------------------------------------------------------------------------------
Slack:                    inf
  Source:                 clk_inst/inst/mmcm_adv_inst/LOCKED
                            (internal pin)
  Destination:            cpu/decoder_pseudo_trigger_reg/R
                            (rising edge-triggered cell FDRE clocked by clk_out1_clk_wiz_0_1  {rise@0.000ns fall@5.000ns period=10.000ns})
  Path Group:             (none)
  Path Type:              Setup (Max at Slow Process Corner)
  Data Path Delay:        10.919ns  (logic 0.124ns (1.136%)  route 10.795ns (98.864%))
  Logic Levels:           1  (LUT1=1)
  Clock Uncertainty:      0.168ns  ((TSJ^2 + DJ^2)^1/2) / 2 + PE
    Total System Jitter     (TSJ):    0.050ns
    Discrete Jitter          (DJ):    0.129ns
    Phase Error              (PE):    0.099ns

    Location             Delay type                Incr(ns)  Path(ns)    Netlist Resource(s)
  -------------------------------------------------------------------    -------------------
    MMCME2_ADV_X1Y2      MMCME2_ADV                   0.000     0.000 f  clk_inst/inst/mmcm_adv_inst/LOCKED
                         net (fo=29, routed)          5.170     5.170    cpu/locked
    SLICE_X9Y71          LUT1 (Prop_lut1_I0_O)        0.124     5.294 r  cpu/FSM_sequential_mem_state[1]_i_1/O
                         net (fo=737, routed)         5.625    10.919    cpu/sys_reset
    SLICE_X12Y99         FDRE                                         r  cpu/decoder_pseudo_trigger_reg/R
  -------------------------------------------------------------------    -------------------

                         (clock clk_out1_clk_wiz_0_1 rise edge)
                                                      0.000     0.000 r  
    E3                                                0.000     0.000 r  CLK100MHZ (IN)
                         net (fo=0)                   0.000     0.000    clk_inst/inst/clk_in1
    E3                   IBUF (Prop_ibuf_I_O)         1.411     1.411 r  clk_inst/inst/clkin1_ibufg/O
                         net (fo=1, routed)           1.162     2.573    clk_inst/inst/clk_in1_clk_wiz_0
    MMCME2_ADV_X1Y2      MMCME2_ADV (Prop_mmcme2_adv_CLKIN1_CLKOUT0)
                                                     -7.324    -4.751 r  clk_inst/inst/mmcm_adv_inst/CLKOUT0
                         net (fo=1, routed)           1.639    -3.112    clk_inst/inst/clk_out1_clk_wiz_0
    BUFGCTRL_X0Y16       BUFG (Prop_bufg_I_O)         0.091    -3.021 r  clk_inst/inst/clkout1_buf/O
                         net (fo=1186, routed)        1.525    -1.495    cpu/clk_out1
    SLICE_X12Y99         FDRE                                         r  cpu/decoder_pseudo_trigger_reg/C

Slack:                    inf
  Source:                 clk_inst/inst/mmcm_adv_inst/LOCKED
                            (internal pin)
  Destination:            cpu/latched_branch_reg/R
                            (rising edge-triggered cell FDRE clocked by clk_out1_clk_wiz_0_1  {rise@0.000ns fall@5.000ns period=10.000ns})
  Path Group:             (none)
  Path Type:              Setup (Max at Slow Process Corner)
  Data Path Delay:        10.919ns  (logic 0.124ns (1.136%)  route 10.795ns (98.864%))
  Logic Levels:           1  (LUT1=1)
  Clock Uncertainty:      0.168ns  ((TSJ^2 + DJ^2)^1/2) / 2 + PE
    Total System Jitter     (TSJ):    0.050ns
    Discrete Jitter          (DJ):    0.129ns
    Phase Error              (PE):    0.099ns

    Location             Delay type                Incr(ns)  Path(ns)    Netlist Resource(s)
  -------------------------------------------------------------------    -------------------
    MMCME2_ADV_X1Y2      MMCME2_ADV                   0.000     0.000 f  clk_inst/inst/mmcm_adv_inst/LOCKED
                         net (fo=29, routed)          5.170     5.170    cpu/locked
    SLICE_X9Y71          LUT1 (Prop_lut1_I0_O)        0.124     5.294 r  cpu/FSM_sequential_mem_state[1]_i_1/O
                         net (fo=737, routed)         5.625    10.919    cpu/sys_reset
    SLICE_X12Y99         FDRE                                         r  cpu/latched_branch_reg/R
  -------------------------------------------------------------------    -------------------

                         (clock clk_out1_clk_wiz_0_1 rise edge)
                                                      0.000     0.000 r  
    E3                                                0.000     0.000 r  CLK100MHZ (IN)
                         net (fo=0)                   0.000     0.000    clk_inst/inst/clk_in1
    E3                   IBUF (Prop_ibuf_I_O)         1.411     1.411 r  clk_inst/inst/clkin1_ibufg/O
                         net (fo=1, routed)           1.162     2.573    clk_inst/inst/clk_in1_clk_wiz_0
    MMCME2_ADV_X1Y2      MMCME2_ADV (Prop_mmcme2_adv_CLKIN1_CLKOUT0)
                                                     -7.324    -4.751 r  clk_inst/inst/mmcm_adv_inst/CLKOUT0
                         net (fo=1, routed)           1.639    -3.112    clk_inst/inst/clk_out1_clk_wiz_0
    BUFGCTRL_X0Y16       BUFG (Prop_bufg_I_O)         0.091    -3.021 r  clk_inst/inst/clkout1_buf/O
                         net (fo=1186, routed)        1.525    -1.495    cpu/clk_out1
    SLICE_X12Y99         FDRE                                         r  cpu/latched_branch_reg/C

Slack:                    inf
  Source:                 clk_inst/inst/mmcm_adv_inst/LOCKED
                            (internal pin)
  Destination:            cpu/reg_out_reg[16]/R
                            (rising edge-triggered cell FDRE clocked by clk_out1_clk_wiz_0_1  {rise@0.000ns fall@5.000ns period=10.000ns})
  Path Group:             (none)
  Path Type:              Setup (Max at Slow Process Corner)
  Data Path Delay:        10.913ns  (logic 0.124ns (1.136%)  route 10.789ns (98.864%))
  Logic Levels:           1  (LUT1=1)
  Clock Uncertainty:      0.168ns  ((TSJ^2 + DJ^2)^1/2) / 2 + PE
    Total System Jitter     (TSJ):    0.050ns
    Discrete Jitter          (DJ):    0.129ns
    Phase Error              (PE):    0.099ns

    Location             Delay type                Incr(ns)  Path(ns)    Netlist Resource(s)
  -------------------------------------------------------------------    -------------------
    MMCME2_ADV_X1Y2      MMCME2_ADV                   0.000     0.000 f  clk_inst/inst/mmcm_adv_inst/LOCKED
                         net (fo=29, routed)          5.170     5.170    cpu/locked
    SLICE_X9Y71          LUT1 (Prop_lut1_I0_O)        0.124     5.294 r  cpu/FSM_sequential_mem_state[1]_i_1/O
                         net (fo=737, routed)         5.620    10.913    cpu/sys_reset
    SLICE_X0Y91          FDRE                                         r  cpu/reg_out_reg[16]/R
  -------------------------------------------------------------------    -------------------

                         (clock clk_out1_clk_wiz_0_1 rise edge)
                                                      0.000     0.000 r  
    E3                                                0.000     0.000 r  CLK100MHZ (IN)
                         net (fo=0)                   0.000     0.000    clk_inst/inst/clk_in1
    E3                   IBUF (Prop_ibuf_I_O)         1.411     1.411 r  clk_inst/inst/clkin1_ibufg/O
                         net (fo=1, routed)           1.162     2.573    clk_inst/inst/clk_in1_clk_wiz_0
    MMCME2_ADV_X1Y2      MMCME2_ADV (Prop_mmcme2_adv_CLKIN1_CLKOUT0)
                                                     -7.324    -4.751 r  clk_inst/inst/mmcm_adv_inst/CLKOUT0
                         net (fo=1, routed)           1.639    -3.112    clk_inst/inst/clk_out1_clk_wiz_0
    BUFGCTRL_X0Y16       BUFG (Prop_bufg_I_O)         0.091    -3.021 r  clk_inst/inst/clkout1_buf/O
                         net (fo=1186, routed)        1.604    -1.416    cpu/clk_out1
    SLICE_X0Y91          FDRE                                         r  cpu/reg_out_reg[16]/C

Slack:                    inf
  Source:                 clk_inst/inst/mmcm_adv_inst/LOCKED
                            (internal pin)
  Destination:            cpu/reg_out_reg[17]/R
                            (rising edge-triggered cell FDRE clocked by clk_out1_clk_wiz_0_1  {rise@0.000ns fall@5.000ns period=10.000ns})
  Path Group:             (none)
  Path Type:              Setup (Max at Slow Process Corner)
  Data Path Delay:        10.913ns  (logic 0.124ns (1.136%)  route 10.789ns (98.864%))
  Logic Levels:           1  (LUT1=1)
  Clock Uncertainty:      0.168ns  ((TSJ^2 + DJ^2)^1/2) / 2 + PE
    Total System Jitter     (TSJ):    0.050ns
    Discrete Jitter          (DJ):    0.129ns
    Phase Error              (PE):    0.099ns

    Location             Delay type                Incr(ns)  Path(ns)    Netlist Resource(s)
  -------------------------------------------------------------------    -------------------
    MMCME2_ADV_X1Y2      MMCME2_ADV                   0.000     0.000 f  clk_inst/inst/mmcm_adv_inst/LOCKED
                         net (fo=29, routed)          5.170     5.170    cpu/locked
    SLICE_X9Y71          LUT1 (Prop_lut1_I0_O)        0.124     5.294 r  cpu/FSM_sequential_mem_state[1]_i_1/O
                         net (fo=737, routed)         5.620    10.913    cpu/sys_reset
    SLICE_X0Y91          FDRE                                         r  cpu/reg_out_reg[17]/R
  -------------------------------------------------------------------    -------------------

                         (clock clk_out1_clk_wiz_0_1 rise edge)
                                                      0.000     0.000 r  
    E3                                                0.000     0.000 r  CLK100MHZ (IN)
                         net (fo=0)                   0.000     0.000    clk_inst/inst/clk_in1
    E3                   IBUF (Prop_ibuf_I_O)         1.411     1.411 r  clk_inst/inst/clkin1_ibufg/O
                         net (fo=1, routed)           1.162     2.573    clk_inst/inst/clk_in1_clk_wiz_0
    MMCME2_ADV_X1Y2      MMCME2_ADV (Prop_mmcme2_adv_CLKIN1_CLKOUT0)
                                                     -7.324    -4.751 r  clk_inst/inst/mmcm_adv_inst/CLKOUT0
                         net (fo=1, routed)           1.639    -3.112    clk_inst/inst/clk_out1_clk_wiz_0
    BUFGCTRL_X0Y16       BUFG (Prop_bufg_I_O)         0.091    -3.021 r  clk_inst/inst/clkout1_buf/O
                         net (fo=1186, routed)        1.604    -1.416    cpu/clk_out1
    SLICE_X0Y91          FDRE                                         r  cpu/reg_out_reg[17]/C

Slack:                    inf
  Source:                 clk_inst/inst/mmcm_adv_inst/LOCKED
                            (internal pin)
  Destination:            cpu/latched_stalu_reg/R
                            (rising edge-triggered cell FDRE clocked by clk_out1_clk_wiz_0_1  {rise@0.000ns fall@5.000ns period=10.000ns})
  Path Group:             (none)
  Path Type:              Setup (Max at Slow Process Corner)
  Data Path Delay:        10.721ns  (logic 0.124ns (1.157%)  route 10.597ns (98.843%))
  Logic Levels:           1  (LUT1=1)
  Clock Uncertainty:      0.168ns  ((TSJ^2 + DJ^2)^1/2) / 2 + PE
    Total System Jitter     (TSJ):    0.050ns
    Discrete Jitter          (DJ):    0.129ns
    Phase Error              (PE):    0.099ns

    Location             Delay type                Incr(ns)  Path(ns)    Netlist Resource(s)
  -------------------------------------------------------------------    -------------------
    MMCME2_ADV_X1Y2      MMCME2_ADV                   0.000     0.000 f  clk_inst/inst/mmcm_adv_inst/LOCKED
                         net (fo=29, routed)          5.170     5.170    cpu/locked
    SLICE_X9Y71          LUT1 (Prop_lut1_I0_O)        0.124     5.294 r  cpu/FSM_sequential_mem_state[1]_i_1/O
                         net (fo=737, routed)         5.427    10.721    cpu/sys_reset
    SLICE_X13Y98         FDRE                                         r  cpu/latched_stalu_reg/R
  -------------------------------------------------------------------    -------------------

                         (clock clk_out1_clk_wiz_0_1 rise edge)
                                                      0.000     0.000 r  
    E3                                                0.000     0.000 r  CLK100MHZ (IN)
                         net (fo=0)                   0.000     0.000    clk_inst/inst/clk_in1
    E3                   IBUF (Prop_ibuf_I_O)         1.411     1.411 r  clk_inst/inst/clkin1_ibufg/O
                         net (fo=1, routed)           1.162     2.573    clk_inst/inst/clk_in1_clk_wiz_0
    MMCME2_ADV_X1Y2      MMCME2_ADV (Prop_mmcme2_adv_CLKIN1_CLKOUT0)
                                                     -7.324    -4.751 r  clk_inst/inst/mmcm_adv_inst/CLKOUT0
                         net (fo=1, routed)           1.639    -3.112    clk_inst/inst/clk_out1_clk_wiz_0
    BUFGCTRL_X0Y16       BUFG (Prop_bufg_I_O)         0.091    -3.021 r  clk_inst/inst/clkout1_buf/O
                         net (fo=1186, routed)        1.525    -1.495    cpu/clk_out1
    SLICE_X13Y98         FDRE                                         r  cpu/latched_stalu_reg/C

Slack:                    inf
  Source:                 clk_inst/inst/mmcm_adv_inst/LOCKED
                            (internal pin)
  Destination:            cpu/latched_store_reg/S
                            (rising edge-triggered cell FDSE clocked by clk_out1_clk_wiz_0_1  {rise@0.000ns fall@5.000ns period=10.000ns})
  Path Group:             (none)
  Path Type:              Setup (Max at Slow Process Corner)
  Data Path Delay:        10.721ns  (logic 0.124ns (1.157%)  route 10.597ns (98.843%))
  Logic Levels:           1  (LUT1=1)
  Clock Uncertainty:      0.168ns  ((TSJ^2 + DJ^2)^1/2) / 2 + PE
    Total System Jitter     (TSJ):    0.050ns
    Discrete Jitter          (DJ):    0.129ns
    Phase Error              (PE):    0.099ns

    Location             Delay type                Incr(ns)  Path(ns)    Netlist Resource(s)
  -------------------------------------------------------------------    -------------------
    MMCME2_ADV_X1Y2      MMCME2_ADV                   0.000     0.000 f  clk_inst/inst/mmcm_adv_inst/LOCKED
                         net (fo=29, routed)          5.170     5.170    cpu/locked
    SLICE_X9Y71          LUT1 (Prop_lut1_I0_O)        0.124     5.294 r  cpu/FSM_sequential_mem_state[1]_i_1/O
                         net (fo=737, routed)         5.427    10.721    cpu/sys_reset
    SLICE_X13Y98         FDSE                                         r  cpu/latched_store_reg/S
  -------------------------------------------------------------------    -------------------

                         (clock clk_out1_clk_wiz_0_1 rise edge)
                                                      0.000     0.000 r  
    E3                                                0.000     0.000 r  CLK100MHZ (IN)
                         net (fo=0)                   0.000     0.000    clk_inst/inst/clk_in1
    E3                   IBUF (Prop_ibuf_I_O)         1.411     1.411 r  clk_inst/inst/clkin1_ibufg/O
                         net (fo=1, routed)           1.162     2.573    clk_inst/inst/clk_in1_clk_wiz_0
    MMCME2_ADV_X1Y2      MMCME2_ADV (Prop_mmcme2_adv_CLKIN1_CLKOUT0)
                                                     -7.324    -4.751 r  clk_inst/inst/mmcm_adv_inst/CLKOUT0
                         net (fo=1, routed)           1.639    -3.112    clk_inst/inst/clk_out1_clk_wiz_0
    BUFGCTRL_X0Y16       BUFG (Prop_bufg_I_O)         0.091    -3.021 r  clk_inst/inst/clkout1_buf/O
                         net (fo=1186, routed)        1.525    -1.495    cpu/clk_out1
    SLICE_X13Y98         FDSE                                         r  cpu/latched_store_reg/C

Slack:                    inf
  Source:                 clk_inst/inst/mmcm_adv_inst/LOCKED
                            (internal pin)
  Destination:            axi_bridge_inst/uart_awaddr_reg[14]/CLR
                            (recovery check against rising-edge clock clk_out1_clk_wiz_0_1  {rise@0.000ns fall@5.000ns period=10.000ns})
  Path Group:             (none)
  Path Type:              Recovery (Max at Slow Process Corner)
  Data Path Delay:        10.707ns  (logic 0.124ns (1.158%)  route 10.583ns (98.842%))
  Logic Levels:           1  (LUT1=1)
  Clock Uncertainty:      0.168ns  ((TSJ^2 + DJ^2)^1/2) / 2 + PE
    Total System Jitter     (TSJ):    0.050ns
    Discrete Jitter          (DJ):    0.129ns
    Phase Error              (PE):    0.099ns

    Location             Delay type                Incr(ns)  Path(ns)    Netlist Resource(s)
  -------------------------------------------------------------------    -------------------
    MMCME2_ADV_X1Y2      MMCME2_ADV                   0.000     0.000 r  clk_inst/inst/mmcm_adv_inst/LOCKED
                         net (fo=29, routed)          5.170     5.170    cpu/locked
    SLICE_X9Y71          LUT1 (Prop_lut1_I0_O)        0.124     5.294 f  cpu/FSM_sequential_mem_state[1]_i_1/O
                         net (fo=737, routed)         5.413    10.707    axi_bridge_inst/sys_reset
    SLICE_X3Y102         FDCE                                         f  axi_bridge_inst/uart_awaddr_reg[14]/CLR
  -------------------------------------------------------------------    -------------------

                         (clock clk_out1_clk_wiz_0_1 rise edge)
                                                      0.000     0.000 r  
    E3                                                0.000     0.000 r  CLK100MHZ (IN)
                         net (fo=0)                   0.000     0.000    clk_inst/inst/clk_in1
    E3                   IBUF (Prop_ibuf_I_O)         1.411     1.411 r  clk_inst/inst/clkin1_ibufg/O
                         net (fo=1, routed)           1.162     2.573    clk_inst/inst/clk_in1_clk_wiz_0
    MMCME2_ADV_X1Y2      MMCME2_ADV (Prop_mmcme2_adv_CLKIN1_CLKOUT0)
                                                     -7.324    -4.751 r  clk_inst/inst/mmcm_adv_inst/CLKOUT0
                         net (fo=1, routed)           1.639    -3.112    clk_inst/inst/clk_out1_clk_wiz_0
    BUFGCTRL_X0Y16       BUFG (Prop_bufg_I_O)         0.091    -3.021 r  clk_inst/inst/clkout1_buf/O
                         net (fo=1186, routed)        1.590    -1.431    axi_bridge_inst/clk_out1
    SLICE_X3Y102         FDCE                                         r  axi_bridge_inst/uart_awaddr_reg[14]/C

Slack:                    inf
  Source:                 clk_inst/inst/mmcm_adv_inst/LOCKED
                            (internal pin)
  Destination:            axi_bridge_inst/uart_awaddr_reg[21]/CLR
                            (recovery check against rising-edge clock clk_out1_clk_wiz_0_1  {rise@0.000ns fall@5.000ns period=10.000ns})
  Path Group:             (none)
  Path Type:              Recovery (Max at Slow Process Corner)
  Data Path Delay:        10.707ns  (logic 0.124ns (1.158%)  route 10.583ns (98.842%))
  Logic Levels:           1  (LUT1=1)
  Clock Uncertainty:      0.168ns  ((TSJ^2 + DJ^2)^1/2) / 2 + PE
    Total System Jitter     (TSJ):    0.050ns
    Discrete Jitter          (DJ):    0.129ns
    Phase Error              (PE):    0.099ns

    Location             Delay type                Incr(ns)  Path(ns)    Netlist Resource(s)
  -------------------------------------------------------------------    -------------------
    MMCME2_ADV_X1Y2      MMCME2_ADV                   0.000     0.000 r  clk_inst/inst/mmcm_adv_inst/LOCKED
                         net (fo=29, routed)          5.170     5.170    cpu/locked
    SLICE_X9Y71          LUT1 (Prop_lut1_I0_O)        0.124     5.294 f  cpu/FSM_sequential_mem_state[1]_i_1/O
                         net (fo=737, routed)         5.413    10.707    axi_bridge_inst/sys_reset
    SLICE_X3Y102         FDCE                                         f  axi_bridge_inst/uart_awaddr_reg[21]/CLR
  -------------------------------------------------------------------    -------------------

                         (clock clk_out1_clk_wiz_0_1 rise edge)
                                                      0.000     0.000 r  
    E3                                                0.000     0.000 r  CLK100MHZ (IN)
                         net (fo=0)                   0.000     0.000    clk_inst/inst/clk_in1
    E3                   IBUF (Prop_ibuf_I_O)         1.411     1.411 r  clk_inst/inst/clkin1_ibufg/O
                         net (fo=1, routed)           1.162     2.573    clk_inst/inst/clk_in1_clk_wiz_0
    MMCME2_ADV_X1Y2      MMCME2_ADV (Prop_mmcme2_adv_CLKIN1_CLKOUT0)
                                                     -7.324    -4.751 r  clk_inst/inst/mmcm_adv_inst/CLKOUT0
                         net (fo=1, routed)           1.639    -3.112    clk_inst/inst/clk_out1_clk_wiz_0
    BUFGCTRL_X0Y16       BUFG (Prop_bufg_I_O)         0.091    -3.021 r  clk_inst/inst/clkout1_buf/O
                         net (fo=1186, routed)        1.590    -1.431    axi_bridge_inst/clk_out1
    SLICE_X3Y102         FDCE                                         r  axi_bridge_inst/uart_awaddr_reg[21]/C

Slack:                    inf
  Source:                 clk_inst/inst/mmcm_adv_inst/LOCKED
                            (internal pin)
  Destination:            axi_bridge_inst/uart_awaddr_reg[5]/CLR
                            (recovery check against rising-edge clock clk_out1_clk_wiz_0_1  {rise@0.000ns fall@5.000ns period=10.000ns})
  Path Group:             (none)
  Path Type:              Recovery (Max at Slow Process Corner)
  Data Path Delay:        10.707ns  (logic 0.124ns (1.158%)  route 10.583ns (98.842%))
  Logic Levels:           1  (LUT1=1)
  Clock Uncertainty:      0.168ns  ((TSJ^2 + DJ^2)^1/2) / 2 + PE
    Total System Jitter     (TSJ):    0.050ns
    Discrete Jitter          (DJ):    0.129ns
    Phase Error              (PE):    0.099ns

    Location             Delay type                Incr(ns)  Path(ns)    Netlist Resource(s)
  -------------------------------------------------------------------    -------------------
    MMCME2_ADV_X1Y2      MMCME2_ADV                   0.000     0.000 r  clk_inst/inst/mmcm_adv_inst/LOCKED
                         net (fo=29, routed)          5.170     5.170    cpu/locked
    SLICE_X9Y71          LUT1 (Prop_lut1_I0_O)        0.124     5.294 f  cpu/FSM_sequential_mem_state[1]_i_1/O
                         net (fo=737, routed)         5.413    10.707    axi_bridge_inst/sys_reset
    SLICE_X3Y102         FDCE                                         f  axi_bridge_inst/uart_awaddr_reg[5]/CLR
  -------------------------------------------------------------------    -------------------

                         (clock clk_out1_clk_wiz_0_1 rise edge)
                                                      0.000     0.000 r  
    E3                                                0.000     0.000 r  CLK100MHZ (IN)
                         net (fo=0)                   0.000     0.000    clk_inst/inst/clk_in1
    E3                   IBUF (Prop_ibuf_I_O)         1.411     1.411 r  clk_inst/inst/clkin1_ibufg/O
                         net (fo=1, routed)           1.162     2.573    clk_inst/inst/clk_in1_clk_wiz_0
    MMCME2_ADV_X1Y2      MMCME2_ADV (Prop_mmcme2_adv_CLKIN1_CLKOUT0)
                                                     -7.324    -4.751 r  clk_inst/inst/mmcm_adv_inst/CLKOUT0
                         net (fo=1, routed)           1.639    -3.112    clk_inst/inst/clk_out1_clk_wiz_0
    BUFGCTRL_X0Y16       BUFG (Prop_bufg_I_O)         0.091    -3.021 r  clk_inst/inst/clkout1_buf/O
                         net (fo=1186, routed)        1.590    -1.431    axi_bridge_inst/clk_out1
    SLICE_X3Y102         FDCE                                         r  axi_bridge_inst/uart_awaddr_reg[5]/C

Slack:                    inf
  Source:                 clk_inst/inst/mmcm_adv_inst/LOCKED
                            (internal pin)
  Destination:            spi_inst/init_wait_reg[14]/R
                            (rising edge-triggered cell FDRE clocked by clk_out1_clk_wiz_0_1  {rise@0.000ns fall@5.000ns period=10.000ns})
  Path Group:             (none)
  Path Type:              Setup (Max at Slow Process Corner)
  Data Path Delay:        10.707ns  (logic 0.124ns (1.158%)  route 10.583ns (98.842%))
  Logic Levels:           1  (LUT1=1)
  Clock Uncertainty:      0.168ns  ((TSJ^2 + DJ^2)^1/2) / 2 + PE
    Total System Jitter     (TSJ):    0.050ns
    Discrete Jitter          (DJ):    0.129ns
    Phase Error              (PE):    0.099ns

    Location             Delay type                Incr(ns)  Path(ns)    Netlist Resource(s)
  -------------------------------------------------------------------    -------------------
    MMCME2_ADV_X1Y2      MMCME2_ADV                   0.000     0.000 f  clk_inst/inst/mmcm_adv_inst/LOCKED
                         net (fo=29, routed)          5.170     5.170    cpu/locked
    SLICE_X9Y71          LUT1 (Prop_lut1_I0_O)        0.124     5.294 r  cpu/FSM_sequential_mem_state[1]_i_1/O
                         net (fo=737, routed)         5.413    10.707    spi_inst/SR[0]
    SLICE_X2Y102         FDRE                                         r  spi_inst/init_wait_reg[14]/R
  -------------------------------------------------------------------    -------------------

                         (clock clk_out1_clk_wiz_0_1 rise edge)
                                                      0.000     0.000 r  
    E3                                                0.000     0.000 r  CLK100MHZ (IN)
                         net (fo=0)                   0.000     0.000    clk_inst/inst/clk_in1
    E3                   IBUF (Prop_ibuf_I_O)         1.411     1.411 r  clk_inst/inst/clkin1_ibufg/O
                         net (fo=1, routed)           1.162     2.573    clk_inst/inst/clk_in1_clk_wiz_0
    MMCME2_ADV_X1Y2      MMCME2_ADV (Prop_mmcme2_adv_CLKIN1_CLKOUT0)
                                                     -7.324    -4.751 r  clk_inst/inst/mmcm_adv_inst/CLKOUT0
                         net (fo=1, routed)           1.639    -3.112    clk_inst/inst/clk_out1_clk_wiz_0
    BUFGCTRL_X0Y16       BUFG (Prop_bufg_I_O)         0.091    -3.021 r  clk_inst/inst/clkout1_buf/O
                         net (fo=1186, routed)        1.590    -1.431    spi_inst/clk_out1
    SLICE_X2Y102         FDRE                                         r  spi_inst/init_wait_reg[14]/C





Min Delay Paths
--------------------------------------------------------------------------------------
Slack:                    inf
  Source:                 acl_miso
                            (input port)
  Destination:            spi_inst/rx7_reg[0]/D
                            (rising edge-triggered cell FDRE clocked by clk_out1_clk_wiz_0_1  {rise@0.000ns fall@5.000ns period=10.000ns})
  Path Group:             (none)
  Path Type:              Hold (Min at Fast Process Corner)
  Data Path Delay:        1.360ns  (logic 0.247ns (18.202%)  route 1.112ns (81.798%))
  Logic Levels:           1  (IBUF=1)
  Clock Path Skew:        -0.811ns (DCD - SCD - CPR)
    Destination Clock Delay (DCD):    -0.811ns
    Source Clock Delay      (SCD):    0.000ns
    Clock Pessimism Removal (CPR):    -0.000ns

    Location             Delay type                Incr(ns)  Path(ns)    Netlist Resource(s)
  -------------------------------------------------------------------    -------------------
    E15                                               0.000     0.000 r  acl_miso (IN)
                         net (fo=0)                   0.000     0.000    acl_miso
    E15                  IBUF (Prop_ibuf_I_O)         0.247     0.247 r  acl_miso_IBUF_inst/O
                         net (fo=7, routed)           1.112     1.360    spi_inst/D[0]
    SLICE_X3Y76          FDRE                                         r  spi_inst/rx7_reg[0]/D
  -------------------------------------------------------------------    -------------------

                         (clock clk_out1_clk_wiz_0_1 rise edge)
                                                      0.000     0.000 r  
    E3                                                0.000     0.000 r  CLK100MHZ (IN)
                         net (fo=0)                   0.000     0.000    clk_inst/inst/clk_in1
    E3                   IBUF (Prop_ibuf_I_O)         0.438     0.438 r  clk_inst/inst/clkin1_ibufg/O
                         net (fo=1, routed)           0.480     0.918    clk_inst/inst/clk_in1_clk_wiz_0
    MMCME2_ADV_X1Y2      MMCME2_ADV (Prop_mmcme2_adv_CLKIN1_CLKOUT0)
                                                     -3.163    -2.245 r  clk_inst/inst/mmcm_adv_inst/CLKOUT0
                         net (fo=1, routed)           0.544    -1.702    clk_inst/inst/clk_out1_clk_wiz_0
    BUFGCTRL_X0Y16       BUFG (Prop_bufg_I_O)         0.029    -1.673 r  clk_inst/inst/clkout1_buf/O
                         net (fo=1186, routed)        0.862    -0.811    spi_inst/clk_out1
    SLICE_X3Y76          FDRE                                         r  spi_inst/rx7_reg[0]/C

Slack:                    inf
  Source:                 acl_miso
                            (input port)
  Destination:            spi_inst/rx5_reg[0]/D
                            (rising edge-triggered cell FDRE clocked by clk_out1_clk_wiz_0_1  {rise@0.000ns fall@5.000ns period=10.000ns})
  Path Group:             (none)
  Path Type:              Hold (Min at Fast Process Corner)
  Data Path Delay:        1.360ns  (logic 0.247ns (18.201%)  route 1.112ns (81.799%))
  Logic Levels:           1  (IBUF=1)
  Clock Path Skew:        -0.807ns (DCD - SCD - CPR)
    Destination Clock Delay (DCD):    -0.807ns
    Source Clock Delay      (SCD):    0.000ns
    Clock Pessimism Removal (CPR):    -0.000ns

    Location             Delay type                Incr(ns)  Path(ns)    Netlist Resource(s)
  -------------------------------------------------------------------    -------------------
    E15                                               0.000     0.000 r  acl_miso (IN)
                         net (fo=0)                   0.000     0.000    acl_miso
    E15                  IBUF (Prop_ibuf_I_O)         0.247     0.247 r  acl_miso_IBUF_inst/O
                         net (fo=7, routed)           1.112     1.360    spi_inst/D[0]
    SLICE_X1Y79          FDRE                                         r  spi_inst/rx5_reg[0]/D
  -------------------------------------------------------------------    -------------------

                         (clock clk_out1_clk_wiz_0_1 rise edge)
                                                      0.000     0.000 r  
    E3                                                0.000     0.000 r  CLK100MHZ (IN)
                         net (fo=0)                   0.000     0.000    clk_inst/inst/clk_in1
    E3                   IBUF (Prop_ibuf_I_O)         0.438     0.438 r  clk_inst/inst/clkin1_ibufg/O
                         net (fo=1, routed)           0.480     0.918    clk_inst/inst/clk_in1_clk_wiz_0
    MMCME2_ADV_X1Y2      MMCME2_ADV (Prop_mmcme2_adv_CLKIN1_CLKOUT0)
                                                     -3.163    -2.245 r  clk_inst/inst/mmcm_adv_inst/CLKOUT0
                         net (fo=1, routed)           0.544    -1.702    clk_inst/inst/clk_out1_clk_wiz_0
    BUFGCTRL_X0Y16       BUFG (Prop_bufg_I_O)         0.029    -1.673 r  clk_inst/inst/clkout1_buf/O
                         net (fo=1186, routed)        0.866    -0.807    spi_inst/clk_out1
    SLICE_X1Y79          FDRE                                         r  spi_inst/rx5_reg[0]/C

Slack:                    inf
  Source:                 acl_miso
                            (input port)
  Destination:            spi_inst/rx3_reg[0]/D
                            (rising edge-triggered cell FDRE clocked by clk_out1_clk_wiz_0_1  {rise@0.000ns fall@5.000ns period=10.000ns})
  Path Group:             (none)
  Path Type:              Hold (Min at Fast Process Corner)
  Data Path Delay:        1.370ns  (logic 0.247ns (18.058%)  route 1.123ns (81.942%))
  Logic Levels:           1  (IBUF=1)
  Clock Path Skew:        -0.806ns (DCD - SCD - CPR)
    Destination Clock Delay (DCD):    -0.806ns
    Source Clock Delay      (SCD):    0.000ns
    Clock Pessimism Removal (CPR):    -0.000ns

    Location             Delay type                Incr(ns)  Path(ns)    Netlist Resource(s)
  -------------------------------------------------------------------    -------------------
    E15                                               0.000     0.000 r  acl_miso (IN)
                         net (fo=0)                   0.000     0.000    acl_miso
    E15                  IBUF (Prop_ibuf_I_O)         0.247     0.247 r  acl_miso_IBUF_inst/O
                         net (fo=7, routed)           1.123     1.370    spi_inst/D[0]
    SLICE_X1Y80          FDRE                                         r  spi_inst/rx3_reg[0]/D
  -------------------------------------------------------------------    -------------------

                         (clock clk_out1_clk_wiz_0_1 rise edge)
                                                      0.000     0.000 r  
    E3                                                0.000     0.000 r  CLK100MHZ (IN)
                         net (fo=0)                   0.000     0.000    clk_inst/inst/clk_in1
    E3                   IBUF (Prop_ibuf_I_O)         0.438     0.438 r  clk_inst/inst/clkin1_ibufg/O
                         net (fo=1, routed)           0.480     0.918    clk_inst/inst/clk_in1_clk_wiz_0
    MMCME2_ADV_X1Y2      MMCME2_ADV (Prop_mmcme2_adv_CLKIN1_CLKOUT0)
                                                     -3.163    -2.245 r  clk_inst/inst/mmcm_adv_inst/CLKOUT0
                         net (fo=1, routed)           0.544    -1.702    clk_inst/inst/clk_out1_clk_wiz_0
    BUFGCTRL_X0Y16       BUFG (Prop_bufg_I_O)         0.029    -1.673 r  clk_inst/inst/clkout1_buf/O
                         net (fo=1186, routed)        0.867    -0.806    spi_inst/clk_out1
    SLICE_X1Y80          FDRE                                         r  spi_inst/rx3_reg[0]/C

Slack:                    inf
  Source:                 acl_miso
                            (input port)
  Destination:            spi_inst/rx4_reg[0]/D
                            (rising edge-triggered cell FDRE clocked by clk_out1_clk_wiz_0_1  {rise@0.000ns fall@5.000ns period=10.000ns})
  Path Group:             (none)
  Path Type:              Hold (Min at Fast Process Corner)
  Data Path Delay:        1.405ns  (logic 0.247ns (17.618%)  route 1.157ns (82.382%))
  Logic Levels:           1  (IBUF=1)
  Clock Path Skew:        -0.807ns (DCD - SCD - CPR)
    Destination Clock Delay (DCD):    -0.807ns
    Source Clock Delay      (SCD):    0.000ns
    Clock Pessimism Removal (CPR):    -0.000ns

    Location             Delay type                Incr(ns)  Path(ns)    Netlist Resource(s)
  -------------------------------------------------------------------    -------------------
    E15                                               0.000     0.000 r  acl_miso (IN)
                         net (fo=0)                   0.000     0.000    acl_miso
    E15                  IBUF (Prop_ibuf_I_O)         0.247     0.247 r  acl_miso_IBUF_inst/O
                         net (fo=7, routed)           1.157     1.405    spi_inst/D[0]
    SLICE_X2Y79          FDRE                                         r  spi_inst/rx4_reg[0]/D
  -------------------------------------------------------------------    -------------------

                         (clock clk_out1_clk_wiz_0_1 rise edge)
                                                      0.000     0.000 r  
    E3                                                0.000     0.000 r  CLK100MHZ (IN)
                         net (fo=0)                   0.000     0.000    clk_inst/inst/clk_in1
    E3                   IBUF (Prop_ibuf_I_O)         0.438     0.438 r  clk_inst/inst/clkin1_ibufg/O
                         net (fo=1, routed)           0.480     0.918    clk_inst/inst/clk_in1_clk_wiz_0
    MMCME2_ADV_X1Y2      MMCME2_ADV (Prop_mmcme2_adv_CLKIN1_CLKOUT0)
                                                     -3.163    -2.245 r  clk_inst/inst/mmcm_adv_inst/CLKOUT0
                         net (fo=1, routed)           0.544    -1.702    clk_inst/inst/clk_out1_clk_wiz_0
    BUFGCTRL_X0Y16       BUFG (Prop_bufg_I_O)         0.029    -1.673 r  clk_inst/inst/clkout1_buf/O
                         net (fo=1186, routed)        0.866    -0.807    spi_inst/clk_out1
    SLICE_X2Y79          FDRE                                         r  spi_inst/rx4_reg[0]/C

Slack:                    inf
  Source:                 acl_miso
                            (input port)
  Destination:            spi_inst/rx2_reg[0]/D
                            (rising edge-triggered cell FDRE clocked by clk_out1_clk_wiz_0_1  {rise@0.000ns fall@5.000ns period=10.000ns})
  Path Group:             (none)
  Path Type:              Hold (Min at Fast Process Corner)
  Data Path Delay:        1.494ns  (logic 0.247ns (16.561%)  route 1.247ns (83.439%))
  Logic Levels:           1  (IBUF=1)
  Clock Path Skew:        -0.808ns (DCD - SCD - CPR)
    Destination Clock Delay (DCD):    -0.808ns
    Source Clock Delay      (SCD):    0.000ns
    Clock Pessimism Removal (CPR):    -0.000ns

    Location             Delay type                Incr(ns)  Path(ns)    Netlist Resource(s)
  -------------------------------------------------------------------    -------------------
    E15                                               0.000     0.000 r  acl_miso (IN)
                         net (fo=0)                   0.000     0.000    acl_miso
    E15                  IBUF (Prop_ibuf_I_O)         0.247     0.247 r  acl_miso_IBUF_inst/O
                         net (fo=7, routed)           1.247     1.494    spi_inst/D[0]
    SLICE_X1Y78          FDRE                                         r  spi_inst/rx2_reg[0]/D
  -------------------------------------------------------------------    -------------------

                         (clock clk_out1_clk_wiz_0_1 rise edge)
                                                      0.000     0.000 r  
    E3                                                0.000     0.000 r  CLK100MHZ (IN)
                         net (fo=0)                   0.000     0.000    clk_inst/inst/clk_in1
    E3                   IBUF (Prop_ibuf_I_O)         0.438     0.438 r  clk_inst/inst/clkin1_ibufg/O
                         net (fo=1, routed)           0.480     0.918    clk_inst/inst/clk_in1_clk_wiz_0
    MMCME2_ADV_X1Y2      MMCME2_ADV (Prop_mmcme2_adv_CLKIN1_CLKOUT0)
                                                     -3.163    -2.245 r  clk_inst/inst/mmcm_adv_inst/CLKOUT0
                         net (fo=1, routed)           0.544    -1.702    clk_inst/inst/clk_out1_clk_wiz_0
    BUFGCTRL_X0Y16       BUFG (Prop_bufg_I_O)         0.029    -1.673 r  clk_inst/inst/clkout1_buf/O
                         net (fo=1186, routed)        0.865    -0.808    spi_inst/clk_out1
    SLICE_X1Y78          FDRE                                         r  spi_inst/rx2_reg[0]/C

Slack:                    inf
  Source:                 clk_inst/inst/mmcm_adv_inst/LOCKED
                            (internal pin)
  Destination:            cpu/cpu_state_reg[1]/D
                            (rising edge-triggered cell FDRE clocked by clk_out1_clk_wiz_0_1  {rise@0.000ns fall@5.000ns period=10.000ns})
  Path Group:             (none)
  Path Type:              Hold (Min at Fast Process Corner)
  Data Path Delay:        1.646ns  (logic 0.045ns (2.734%)  route 1.601ns (97.266%))
  Logic Levels:           1  (LUT6=1)
  Clock Uncertainty:      0.168ns  ((TSJ^2 + DJ^2)^1/2) / 2 + PE
    Total System Jitter     (TSJ):    0.050ns
    Discrete Jitter          (DJ):    0.129ns
    Phase Error              (PE):    0.099ns

    Location             Delay type                Incr(ns)  Path(ns)    Netlist Resource(s)
  -------------------------------------------------------------------    -------------------
    MMCME2_ADV_X1Y2      MMCME2_ADV                   0.000     0.000 r  clk_inst/inst/mmcm_adv_inst/LOCKED
                         net (fo=29, routed)          1.601     1.601    cpu/locked
    SLICE_X15Y98         LUT6 (Prop_lut6_I1_O)        0.045     1.646 r  cpu/cpu_state[1]_i_1/O
                         net (fo=1, routed)           0.000     1.646    cpu/cpu_state0_out[1]
    SLICE_X15Y98         FDRE                                         r  cpu/cpu_state_reg[1]/D
  -------------------------------------------------------------------    -------------------

                         (clock clk_out1_clk_wiz_0_1 rise edge)
                                                      0.000     0.000 r  
    E3                                                0.000     0.000 r  CLK100MHZ (IN)
                         net (fo=0)                   0.000     0.000    clk_inst/inst/clk_in1
    E3                   IBUF (Prop_ibuf_I_O)         0.438     0.438 r  clk_inst/inst/clkin1_ibufg/O
                         net (fo=1, routed)           0.480     0.918    clk_inst/inst/clk_in1_clk_wiz_0
    MMCME2_ADV_X1Y2      MMCME2_ADV (Prop_mmcme2_adv_CLKIN1_CLKOUT0)
                                                     -3.163    -2.245 r  clk_inst/inst/mmcm_adv_inst/CLKOUT0
                         net (fo=1, routed)           0.544    -1.702    clk_inst/inst/clk_out1_clk_wiz_0
    BUFGCTRL_X0Y16       BUFG (Prop_bufg_I_O)         0.029    -1.673 r  clk_inst/inst/clkout1_buf/O
                         net (fo=1186, routed)        0.847    -0.826    cpu/clk_out1
    SLICE_X15Y98         FDRE                                         r  cpu/cpu_state_reg[1]/C

Slack:                    inf
  Source:                 clk_inst/inst/mmcm_adv_inst/LOCKED
                            (internal pin)
  Destination:            cpu/cpu_state_reg[2]/D
                            (rising edge-triggered cell FDRE clocked by clk_out1_clk_wiz_0_1  {rise@0.000ns fall@5.000ns period=10.000ns})
  Path Group:             (none)
  Path Type:              Hold (Min at Fast Process Corner)
  Data Path Delay:        1.646ns  (logic 0.045ns (2.734%)  route 1.601ns (97.266%))
  Logic Levels:           1  (LUT6=1)
  Clock Uncertainty:      0.168ns  ((TSJ^2 + DJ^2)^1/2) / 2 + PE
    Total System Jitter     (TSJ):    0.050ns
    Discrete Jitter          (DJ):    0.129ns
    Phase Error              (PE):    0.099ns

    Location             Delay type                Incr(ns)  Path(ns)    Netlist Resource(s)
  -------------------------------------------------------------------    -------------------
    MMCME2_ADV_X1Y2      MMCME2_ADV                   0.000     0.000 r  clk_inst/inst/mmcm_adv_inst/LOCKED
                         net (fo=29, routed)          1.601     1.601    cpu/locked
    SLICE_X15Y98         LUT6 (Prop_lut6_I1_O)        0.045     1.646 r  cpu/cpu_state[2]_i_1/O
                         net (fo=1, routed)           0.000     1.646    cpu/cpu_state0_out[2]
    SLICE_X15Y98         FDRE                                         r  cpu/cpu_state_reg[2]/D
  -------------------------------------------------------------------    -------------------

                         (clock clk_out1_clk_wiz_0_1 rise edge)
                                                      0.000     0.000 r  
    E3                                                0.000     0.000 r  CLK100MHZ (IN)
                         net (fo=0)                   0.000     0.000    clk_inst/inst/clk_in1
    E3                   IBUF (Prop_ibuf_I_O)         0.438     0.438 r  clk_inst/inst/clkin1_ibufg/O
                         net (fo=1, routed)           0.480     0.918    clk_inst/inst/clk_in1_clk_wiz_0
    MMCME2_ADV_X1Y2      MMCME2_ADV (Prop_mmcme2_adv_CLKIN1_CLKOUT0)
                                                     -3.163    -2.245 r  clk_inst/inst/mmcm_adv_inst/CLKOUT0
                         net (fo=1, routed)           0.544    -1.702    clk_inst/inst/clk_out1_clk_wiz_0
    BUFGCTRL_X0Y16       BUFG (Prop_bufg_I_O)         0.029    -1.673 r  clk_inst/inst/clkout1_buf/O
                         net (fo=1186, routed)        0.847    -0.826    cpu/clk_out1
    SLICE_X15Y98         FDRE                                         r  cpu/cpu_state_reg[2]/C

Slack:                    inf
  Source:                 acl_miso
                            (input port)
  Destination:            spi_inst/rx_shift_reg[0]/D
                            (rising edge-triggered cell FDRE clocked by clk_out1_clk_wiz_0_1  {rise@0.000ns fall@5.000ns period=10.000ns})
  Path Group:             (none)
  Path Type:              Hold (Min at Fast Process Corner)
  Data Path Delay:        1.646ns  (logic 0.292ns (17.766%)  route 1.354ns (82.234%))
  Logic Levels:           2  (IBUF=1 LUT3=1)
  Clock Path Skew:        -0.808ns (DCD - SCD - CPR)
    Destination Clock Delay (DCD):    -0.808ns
    Source Clock Delay      (SCD):    0.000ns
    Clock Pessimism Removal (CPR):    -0.000ns

    Location             Delay type                Incr(ns)  Path(ns)    Netlist Resource(s)
  -------------------------------------------------------------------    -------------------
    E15                                               0.000     0.000 r  acl_miso (IN)
                         net (fo=0)                   0.000     0.000    acl_miso
    E15                  IBUF (Prop_ibuf_I_O)         0.247     0.247 r  acl_miso_IBUF_inst/O
                         net (fo=7, routed)           1.354     1.601    spi_inst/D[0]
    SLICE_X0Y78          LUT3 (Prop_lut3_I0_O)        0.045     1.646 r  spi_inst/rx_shift[0]_i_1/O
                         net (fo=1, routed)           0.000     1.646    spi_inst/rx_shift[0]
    SLICE_X0Y78          FDRE                                         r  spi_inst/rx_shift_reg[0]/D
  -------------------------------------------------------------------    -------------------

                         (clock clk_out1_clk_wiz_0_1 rise edge)
                                                      0.000     0.000 r  
    E3                                                0.000     0.000 r  CLK100MHZ (IN)
                         net (fo=0)                   0.000     0.000    clk_inst/inst/clk_in1
    E3                   IBUF (Prop_ibuf_I_O)         0.438     0.438 r  clk_inst/inst/clkin1_ibufg/O
                         net (fo=1, routed)           0.480     0.918    clk_inst/inst/clk_in1_clk_wiz_0
    MMCME2_ADV_X1Y2      MMCME2_ADV (Prop_mmcme2_adv_CLKIN1_CLKOUT0)
                                                     -3.163    -2.245 r  clk_inst/inst/mmcm_adv_inst/CLKOUT0
                         net (fo=1, routed)           0.544    -1.702    clk_inst/inst/clk_out1_clk_wiz_0
    BUFGCTRL_X0Y16       BUFG (Prop_bufg_I_O)         0.029    -1.673 r  clk_inst/inst/clkout1_buf/O
                         net (fo=1186, routed)        0.865    -0.808    spi_inst/clk_out1
    SLICE_X0Y78          FDRE                                         r  spi_inst/rx_shift_reg[0]/C

Slack:                    inf
  Source:                 clk_inst/inst/mmcm_adv_inst/LOCKED
                            (internal pin)
  Destination:            cpu/mem_do_wdata_reg/D
                            (rising edge-triggered cell FDRE clocked by clk_out1_clk_wiz_0_1  {rise@0.000ns fall@5.000ns period=10.000ns})
  Path Group:             (none)
  Path Type:              Hold (Min at Fast Process Corner)
  Data Path Delay:        1.722ns  (logic 0.045ns (2.614%)  route 1.677ns (97.386%))
  Logic Levels:           1  (LUT6=1)
  Clock Uncertainty:      0.168ns  ((TSJ^2 + DJ^2)^1/2) / 2 + PE
    Total System Jitter     (TSJ):    0.050ns
    Discrete Jitter          (DJ):    0.129ns
    Phase Error              (PE):    0.099ns

    Location             Delay type                Incr(ns)  Path(ns)    Netlist Resource(s)
  -------------------------------------------------------------------    -------------------
    MMCME2_ADV_X1Y2      MMCME2_ADV                   0.000     0.000 r  clk_inst/inst/mmcm_adv_inst/LOCKED
                         net (fo=29, routed)          1.677     1.677    cpu/locked
    SLICE_X14Y97         LUT6 (Prop_lut6_I0_O)        0.045     1.722 r  cpu/mem_do_wdata_i_1/O
                         net (fo=1, routed)           0.000     1.722    cpu/mem_do_wdata_i_1_n_0
    SLICE_X14Y97         FDRE                                         r  cpu/mem_do_wdata_reg/D
  -------------------------------------------------------------------    -------------------

                         (clock clk_out1_clk_wiz_0_1 rise edge)
                                                      0.000     0.000 r  
    E3                                                0.000     0.000 r  CLK100MHZ (IN)
                         net (fo=0)                   0.000     0.000    clk_inst/inst/clk_in1
    E3                   IBUF (Prop_ibuf_I_O)         0.438     0.438 r  clk_inst/inst/clkin1_ibufg/O
                         net (fo=1, routed)           0.480     0.918    clk_inst/inst/clk_in1_clk_wiz_0
    MMCME2_ADV_X1Y2      MMCME2_ADV (Prop_mmcme2_adv_CLKIN1_CLKOUT0)
                                                     -3.163    -2.245 r  clk_inst/inst/mmcm_adv_inst/CLKOUT0
                         net (fo=1, routed)           0.544    -1.702    clk_inst/inst/clk_out1_clk_wiz_0
    BUFGCTRL_X0Y16       BUFG (Prop_bufg_I_O)         0.029    -1.673 r  clk_inst/inst/clkout1_buf/O
                         net (fo=1186, routed)        0.847    -0.826    cpu/clk_out1
    SLICE_X14Y97         FDRE                                         r  cpu/mem_do_wdata_reg/C

Slack:                    inf
  Source:                 clk_inst/inst/mmcm_adv_inst/LOCKED
                            (internal pin)
  Destination:            cpu/cpu_state_reg[0]/D
                            (rising edge-triggered cell FDRE clocked by clk_out1_clk_wiz_0_1  {rise@0.000ns fall@5.000ns period=10.000ns})
  Path Group:             (none)
  Path Type:              Hold (Min at Fast Process Corner)
  Data Path Delay:        1.745ns  (logic 0.045ns (2.579%)  route 1.700ns (97.421%))
  Logic Levels:           1  (LUT6=1)
  Clock Uncertainty:      0.168ns  ((TSJ^2 + DJ^2)^1/2) / 2 + PE
    Total System Jitter     (TSJ):    0.050ns
    Discrete Jitter          (DJ):    0.129ns
    Phase Error              (PE):    0.099ns

    Location             Delay type                Incr(ns)  Path(ns)    Netlist Resource(s)
  -------------------------------------------------------------------    -------------------
    MMCME2_ADV_X1Y2      MMCME2_ADV                   0.000     0.000 r  clk_inst/inst/mmcm_adv_inst/LOCKED
                         net (fo=29, routed)          1.700     1.700    cpu/locked
    SLICE_X14Y98         LUT6 (Prop_lut6_I1_O)        0.045     1.745 r  cpu/cpu_state[0]_i_1/O
                         net (fo=1, routed)           0.000     1.745    cpu/cpu_state0_out[0]
    SLICE_X14Y98         FDRE                                         r  cpu/cpu_state_reg[0]/D
  -------------------------------------------------------------------    -------------------

                         (clock clk_out1_clk_wiz_0_1 rise edge)
                                                      0.000     0.000 r  
    E3                                                0.000     0.000 r  CLK100MHZ (IN)
                         net (fo=0)                   0.000     0.000    clk_inst/inst/clk_in1
    E3                   IBUF (Prop_ibuf_I_O)         0.438     0.438 r  clk_inst/inst/clkin1_ibufg/O
                         net (fo=1, routed)           0.480     0.918    clk_inst/inst/clk_in1_clk_wiz_0
    MMCME2_ADV_X1Y2      MMCME2_ADV (Prop_mmcme2_adv_CLKIN1_CLKOUT0)
                                                     -3.163    -2.245 r  clk_inst/inst/mmcm_adv_inst/CLKOUT0
                         net (fo=1, routed)           0.544    -1.702    clk_inst/inst/clk_out1_clk_wiz_0
    BUFGCTRL_X0Y16       BUFG (Prop_bufg_I_O)         0.029    -1.673 r  clk_inst/inst/clkout1_buf/O
                         net (fo=1186, routed)        0.847    -0.826    cpu/clk_out1
    SLICE_X14Y98         FDRE                                         r  cpu/cpu_state_reg[0]/C





